station_id,sensor_id,timestamp_utc,qc_flag_final
DT_0001,HUPO_LASER,2026-07-03 10:00:00,B
DT_0001,HUPO_LASER,2026-07-03 10:01:00,B
DT_0001,HUPO_LASER,2026-07-03 10:02:00,B
DT_0001,HUPO_LASER,2026-07-03 10:03:00,B
DT_0001,HUPO_LASER,2026-07-03 10:04:00,B
DT_0001,HUPO_LASER,2026-07-03 10:05:00,B
DT_0001,HUPO_LASER,2026-07-03 10:06:00,B
DT_0001,HUPO_LASER,2026-07-03 10:07:00,B
DT_0001,HUPO_LASER,2026-07-03 10:08:00,B
DT_0001,HUPO_LASER,2026-07-03 10:09:00,B
DT_0001,HUPO_LASER,2026-07-03 10:10:00,B
DT_0001,HUPO_LASER,2026-07-03 10:11:00,B
DT_0001,HUPO_LASER,2026-07-03 10:12:00,B
DT_0001,HUPO_LASER,2026-07-03 10:13:00,B
DT_0001,HUPO_LASER,2026-07-03 10:14:00,B
DT_0001,HUPO_LASER,2026-07-03 10:15:00,B
DT_0001,HUPO_LASER,2026-07-03 10:16:00,B
DT_0001,HUPO_LASER,2026-07-03 10:17:00,B
DT_0001,HUPO_LASER,2026-07-03 10:18:00,B
DT_0001,HUPO_LASER,2026-07-03 10:19:00,B
