관측소ID,관측소명,측정시간(UTC),관측항목,관측값,상태
DT_0007,보령,2026-07-02 10:48:21.803428,tide_level,353.64273295223353,OK
DT_0006,가덕도,2026-07-02 10:48:21.803428,tide_level,438.1582796624465,OK
DT_0005,영흥도,2026-07-02 10:48:21.803428,tide_level,379.71447737366645,OK
DT_0004,목포,2026-07-02 10:48:21.803428,tide_level,219.20252646175393,OK
DT_0003,인천,2026-07-02 10:48:21.803428,tide_level,506.38216777544926,OK
DT_0002,제주,2026-07-02 10:48:21.803428,tide_level,586.6066250733465,OK
DT_0001,후포,2026-07-02 10:48:21.803428,tide_level,555.5631537891923,OK
DT_0007,보령,2026-07-02 10:38:21.803428,tide_level,364.17831076538846,OK
DT_0006,가덕도,2026-07-02 10:38:21.803428,tide_level,450.67672367744757,OK
DT_0005,영흥도,2026-07-02 10:38:21.803428,tide_level,389.37348949868874,OK
DT_0004,목포,2026-07-02 10:38:21.803428,tide_level,236.51073063952356,OK
DT_0003,인천,2026-07-02 10:38:21.803428,tide_level,522.8377669588814,OK
DT_0002,제주,2026-07-02 10:38:21.803428,tide_level,598.355052597782,OK
DT_0001,후포,2026-07-02 10:38:21.803428,tide_level,-999.0,BAD
DT_0007,보령,2026-07-02 10:28:21.803428,tide_level,376.2128543394285,OK
DT_0006,가덕도,2026-07-02 10:28:21.803428,tide_level,456.4959908240304,OK
DT_0005,영흥도,2026-07-02 10:28:21.803428,tide_level,398.220753394535,OK
DT_0004,목포,2026-07-02 10:28:21.803428,tide_level,243.50056915665522,OK
DT_0003,인천,2026-07-02 10:28:21.803428,tide_level,578.8092424378176,BAD
DT_0002,제주,2026-07-02 10:28:21.803428,tide_level,606.2319826118231,OK
DT_0001,후포,2026-07-02 10:28:21.803428,tide_level,573.8957848500482,OK
DT_0007,보령,2026-07-02 10:18:21.803428,tide_level,382.0551142783343,OK
DT_0006,가덕도,2026-07-02 10:18:21.803428,tide_level,464.7352511731763,OK
DT_0005,영흥도,2026-07-02 10:18:21.803428,tide_level,409.7252268400489,OK
DT_0004,목포,2026-07-02 10:18:21.803428,tide_level,253.40748568930377,OK
DT_0003,인천,2026-07-02 10:18:21.803428,tide_level,538.806688932539,OK
DT_0002,제주,2026-07-02 10:18:21.803428,tide_level,619.3973914267009,OK
DT_0001,후포,2026-07-02 10:18:21.803428,tide_level,582.1507094495275,OK
DT_0007,보령,2026-07-02 10:08:21.803428,tide_level,392.1407125443766,OK
DT_0006,가덕도,2026-07-02 10:08:21.803428,tide_level,473.556439214485,OK
DT_0005,영흥도,2026-07-02 10:08:21.803428,tide_level,410.8923392300495,OK
DT_0004,목포,2026-07-02 10:08:21.803428,tide_level,261.1115424144609,OK
DT_0003,인천,2026-07-02 10:08:21.803428,tide_level,550.3637687431856,OK
DT_0002,제주,2026-07-02 10:08:21.803428,tide_level,627.0981485616121,OK
DT_0001,후포,2026-07-02 10:08:21.803428,tide_level,588.1414211330873,OK
DT_0007,보령,2026-07-02 09:58:21.803428,tide_level,407.10225779587756,OK
DT_0006,가덕도,2026-07-02 09:58:21.803428,tide_level,491.83527182669394,OK
DT_0005,영흥도,2026-07-02 09:58:21.803428,tide_level,428.50952840864176,OK
DT_0004,목포,2026-07-02 09:58:21.803428,tide_level,-999.0,BAD
DT_0003,인천,2026-07-02 09:58:21.803428,tide_level,556.5046462058906,OK
DT_0002,제주,2026-07-02 09:58:21.803428,tide_level,637.7174871306115,OK
DT_0001,후포,2026-07-02 09:58:21.803428,tide_level,601.1158326050985,OK
DT_0007,보령,2026-07-02 09:48:21.803428,tide_level,411.5864637765649,OK
DT_0006,가덕도,2026-07-02 09:48:21.803428,tide_level,500.0744875496466,OK
DT_0005,영흥도,2026-07-02 09:48:21.803428,tide_level,433.47692535503,OK
DT_0004,목포,2026-07-02 09:48:21.803428,tide_level,278.1213107547258,OK
DT_0003,인천,2026-07-02 09:48:21.803428,tide_level,570.6278108266214,OK
DT_0002,제주,2026-07-02 09:48:21.803428,tide_level,651.2485401596199,OK
DT_0001,후포,2026-07-02 09:48:21.803428,tide_level,607.2344178432146,OK
DT_0007,보령,2026-07-02 09:38:21.803428,tide_level,413.7790949851572,OK
DT_0006,가덕도,2026-07-02 09:38:21.803428,tide_level,507.4916199887705,OK
DT_0005,영흥도,2026-07-02 09:38:21.803428,tide_level,440.2899972753584,OK
DT_0004,목포,2026-07-02 09:38:21.803428,tide_level,281.7466892522228,OK
DT_0003,인천,2026-07-02 09:38:21.803428,tide_level,-999.0,BAD
DT_0002,제주,2026-07-02 09:38:21.803428,tide_level,657.1867213264064,OK
DT_0001,후포,2026-07-02 09:38:21.803428,tide_level,616.6053545367415,OK
DT_0007,보령,2026-07-02 09:28:21.803428,tide_level,429.24903931920124,OK
DT_0006,가덕도,2026-07-02 09:28:21.803428,tide_level,506.7732782922299,OK
DT_0005,영흥도,2026-07-02 09:28:21.803428,tide_level,445.030801292983,OK
DT_0004,목포,2026-07-02 09:28:21.803428,tide_level,294.7419074288143,OK
DT_0003,인천,2026-07-02 09:28:21.803428,tide_level,585.8846337390047,OK
DT_0002,제주,2026-07-02 09:28:21.803428,tide_level,663.4040977790227,OK
DT_0001,후포,2026-07-02 09:28:21.803428,tide_level,624.413348832647,OK
DT_0007,보령,2026-07-02 09:18:21.803428,tide_level,428.14244851480566,OK
DT_0006,가덕도,2026-07-02 09:18:21.803428,tide_level,512.7828532046777,OK
DT_0005,영흥도,2026-07-02 09:18:21.803428,tide_level,453.9870890683551,OK
DT_0004,목포,2026-07-02 09:18:21.803428,tide_level,295.7430448170239,OK
DT_0003,인천,2026-07-02 09:18:21.803428,tide_level,585.1173723807252,OK
DT_0002,제주,2026-07-02 09:18:21.803428,tide_level,670.8089461849817,OK
DT_0001,후포,2026-07-02 09:18:21.803428,tide_level,632.9061038191411,OK
DT_0007,보령,2026-07-02 09:08:21.803428,tide_level,435.14993956488325,OK
DT_0006,가덕도,2026-07-02 09:08:21.803428,tide_level,518.3707640460502,OK
DT_0005,영흥도,2026-07-02 09:08:21.803428,tide_level,465.5658511712416,OK
DT_0004,목포,2026-07-02 09:08:21.803428,tide_level,301.8412419364411,OK
DT_0003,인천,2026-07-02 09:08:21.803428,tide_level,591.6466694082543,OK
DT_0002,제주,2026-07-02 09:08:21.803428,tide_level,673.448006167346,OK
DT_0001,후포,2026-07-02 09:08:21.803428,tide_level,639.9295471458996,OK
DT_0007,보령,2026-07-02 08:58:21.803428,tide_level,438.4527960417412,OK
DT_0006,가덕도,2026-07-02 08:58:21.803428,tide_level,532.9693395646132,OK
DT_0005,영흥도,2026-07-02 08:58:21.803428,tide_level,468.32422846319156,OK
DT_0004,목포,2026-07-02 08:58:21.803428,tide_level,313.68010416228543,OK
DT_0003,인천,2026-07-02 08:58:21.803428,tide_level,597.1740731967035,OK
DT_0002,제주,2026-07-02 08:58:21.803428,tide_level,682.111753601661,OK
DT_0001,후포,2026-07-02 08:58:21.803428,tide_level,638.225107139176,OK
DT_0007,보령,2026-07-02 08:48:21.803428,tide_level,443.3364513570592,OK
DT_0006,가덕도,2026-07-02 08:48:21.803428,tide_level,536.9733711525703,OK
DT_0005,영흥도,2026-07-02 08:48:21.803428,tide_level,467.3390113117365,OK
DT_0004,목포,2026-07-02 08:48:21.803428,tide_level,313.02782428234127,OK
DT_0003,인천,2026-07-02 08:48:21.803428,tide_level,605.1447219898083,OK
DT_0002,제주,2026-07-02 08:48:21.803428,tide_level,687.5547966604055,OK
DT_0001,후포,2026-07-02 08:48:21.803428,tide_level,644.7217076554983,OK
DT_0007,보령,2026-07-02 08:38:21.803428,tide_level,455.07237673588645,OK
DT_0006,가덕도,2026-07-02 08:38:21.803428,tide_level,584.4609858734947,BAD
DT_0005,영흥도,2026-07-02 08:38:21.803428,tide_level,468.1658772147965,OK
DT_0004,목포,2026-07-02 08:38:21.803428,tide_level,320.6576804105008,OK
DT_0003,인천,2026-07-02 08:38:21.803428,tide_level,609.1135856541509,OK
DT_0002,제주,2026-07-02 08:38:21.803428,tide_level,683.5065104127118,OK
DT_0001,후포,2026-07-02 08:38:21.803428,tide_level,646.8261505873081,OK
DT_0007,보령,2026-07-02 08:28:21.803428,tide_level,457.35316770296157,OK
DT_0006,가덕도,2026-07-02 08:28:21.803428,tide_level,541.0677123244188,OK
DT_0005,영흥도,2026-07-02 08:28:21.803428,tide_level,476.97471150337003,OK
DT_0004,목포,2026-07-02 08:28:21.803428,tide_level,323.68556363826815,OK
DT_0003,인천,2026-07-02 08:28:21.803428,tide_level,605.2594928572196,OK
DT_0002,제주,2026-07-02 08:28:21.803428,tide_level,691.0115475072867,OK
DT_0001,후포,2026-07-02 08:28:21.803428,tide_level,653.9330378912117,OK
DT_0007,보령,2026-07-02 08:18:21.803428,tide_level,454.07162884193326,OK
DT_0006,가덕도,2026-07-02 08:18:21.803428,tide_level,536.1271828310875,OK
DT_0005,영흥도,2026-07-02 08:18:21.803428,tide_level,478.1660227302562,OK
DT_0004,목포,2026-07-02 08:18:21.803428,tide_level,318.335287704634,OK
DT_0003,인천,2026-07-02 08:18:21.803428,tide_level,757.9490598146755,BAD
DT_0002,제주,2026-07-02 08:18:21.803428,tide_level,692.1670055416829,OK
DT_0001,후포,2026-07-02 08:18:21.803428,tide_level,650.5294341798524,OK
DT_0007,보령,2026-07-02 08:08:21.803428,tide_level,458.15496600885774,OK
DT_0006,가덕도,2026-07-02 08:08:21.803428,tide_level,540.1383174420835,OK
DT_0005,영흥도,2026-07-02 08:08:21.803428,tide_level,473.90999971052076,OK
DT_0004,목포,2026-07-02 08:08:21.803428,tide_level,324.46001136577235,OK
DT_0003,인천,2026-07-02 08:08:21.803428,tide_level,608.42366610438,OK
DT_0002,제주,2026-07-02 08:08:21.803428,tide_level,690.6223761987693,OK
DT_0001,후포,2026-07-02 08:08:21.803428,tide_level,649.5062739266236,OK
DT_0007,보령,2026-07-02 07:58:21.803428,tide_level,451.58667891006326,OK
DT_0006,가덕도,2026-07-02 07:58:21.803428,tide_level,537.2423531829003,OK
DT_0005,영흥도,2026-07-02 07:58:21.803428,tide_level,473.37875186234885,OK
DT_0004,목포,2026-07-02 07:58:21.803428,tide_level,317.9438824962582,OK
DT_0003,인천,2026-07-02 07:58:21.803428,tide_level,612.5361065891412,OK
DT_0002,제주,2026-07-02 07:58:21.803428,tide_level,693.7805844974354,OK
DT_0001,후포,2026-07-02 07:58:21.803428,tide_level,646.2886606240027,OK
DT_0007,보령,2026-07-02 07:48:21.803428,tide_level,448.41919123635955,OK
DT_0006,가덕도,2026-07-02 07:48:21.803428,tide_level,536.226752938769,OK
DT_0005,영흥도,2026-07-02 07:48:21.803428,tide_level,476.2348373124841,OK
DT_0004,목포,2026-07-02 07:48:21.803428,tide_level,323.0591258673225,OK
DT_0003,인천,2026-07-02 07:48:21.803428,tide_level,607.9329475509538,OK
DT_0002,제주,2026-07-02 07:48:21.803428,tide_level,682.4753940607833,OK
DT_0001,후포,2026-07-02 07:48:21.803428,tide_level,646.4478692264423,OK
DT_0007,보령,2026-07-02 07:38:21.803428,tide_level,444.42246195669946,OK
DT_0006,가덕도,2026-07-02 07:38:21.803428,tide_level,622.96271262202,BAD
DT_0005,영흥도,2026-07-02 07:38:21.803428,tide_level,469.06994755525767,OK
DT_0004,목포,2026-07-02 07:38:21.803428,tide_level,320.5717074111639,OK
DT_0003,인천,2026-07-02 07:38:21.803428,tide_level,663.3399838474561,BAD
DT_0002,제주,2026-07-02 07:38:21.803428,tide_level,684.6065683541857,OK
DT_0001,후포,2026-07-02 07:38:21.803428,tide_level,-999.0,BAD
DT_0007,보령,2026-07-02 07:28:21.803428,tide_level,447.2839249820901,OK
DT_0006,가덕도,2026-07-02 07:28:21.803428,tide_level,529.4968679974318,OK
DT_0005,영흥도,2026-07-02 07:28:21.803428,tide_level,469.16820650588346,OK
DT_0004,목포,2026-07-02 07:28:21.803428,tide_level,313.3572847522511,OK
DT_0003,인천,2026-07-02 07:28:21.803428,tide_level,600.2789994084876,OK
DT_0002,제주,2026-07-02 07:28:21.803428,tide_level,678.6916995518762,OK
DT_0001,후포,2026-07-02 07:28:21.803428,tide_level,642.862046347074,OK
DT_0007,보령,2026-07-02 07:18:21.803428,tide_level,441.74971856634596,OK
DT_0006,가덕도,2026-07-02 07:18:21.803428,tide_level,523.0783232104661,OK
DT_0005,영흥도,2026-07-02 07:18:21.803428,tide_level,464.77050512237327,OK
DT_0004,목포,2026-07-02 07:18:21.803428,tide_level,310.93985118154455,OK
DT_0003,인천,2026-07-02 07:18:21.803428,tide_level,600.2258487468946,OK
DT_0002,제주,2026-07-02 07:18:21.803428,tide_level,674.9514597937997,OK
DT_0001,후포,2026-07-02 07:18:21.803428,tide_level,633.2970404370778,OK
DT_0007,보령,2026-07-02 07:08:21.803428,tide_level,432.02310637183666,OK
DT_0006,가덕도,2026-07-02 07:08:21.803428,tide_level,638.5353097173476,BAD
DT_0005,영흥도,2026-07-02 07:08:21.803428,tide_level,453.2225954157378,OK
DT_0004,목포,2026-07-02 07:08:21.803428,tide_level,302.4125741792997,OK
DT_0003,인천,2026-07-02 07:08:21.803428,tide_level,590.6889494623695,OK
DT_0002,제주,2026-07-02 07:08:21.803428,tide_level,735.8198648586057,BAD
DT_0001,후포,2026-07-02 07:08:21.803428,tide_level,635.1640391824947,OK
DT_0007,보령,2026-07-02 06:58:21.803428,tide_level,425.4021002769522,OK
DT_0006,가덕도,2026-07-02 06:58:21.803428,tide_level,508.7028008648218,OK
DT_0005,영흥도,2026-07-02 06:58:21.803428,tide_level,454.8285585376093,OK
DT_0004,목포,2026-07-02 06:58:21.803428,tide_level,422.62641323829047,BAD
DT_0003,인천,2026-07-02 06:58:21.803428,tide_level,586.774907796386,OK
DT_0002,제주,2026-07-02 06:58:21.803428,tide_level,661.2035019864231,OK
DT_0001,후포,2026-07-02 06:58:21.803428,tide_level,620.8345278677016,OK
DT_0007,보령,2026-07-02 06:48:21.803428,tide_level,509.8122173236964,BAD
DT_0006,가덕도,2026-07-02 06:48:21.803428,tide_level,507.1490620731611,OK
DT_0005,영흥도,2026-07-02 06:48:21.803428,tide_level,572.1357104669407,BAD
DT_0004,목포,2026-07-02 06:48:21.803428,tide_level,289.84150733294405,OK
DT_0003,인천,2026-07-02 06:48:21.803428,tide_level,577.578714263339,OK
DT_0002,제주,2026-07-02 06:48:21.803428,tide_level,652.9505997604658,OK
DT_0001,후포,2026-07-02 06:48:21.803428,tide_level,622.3865780272777,OK
DT_0007,보령,2026-07-02 06:38:21.803428,tide_level,417.3894219266145,OK
DT_0006,가덕도,2026-07-02 06:38:21.803428,tide_level,503.7911362165478,OK
DT_0005,영흥도,2026-07-02 06:38:21.803428,tide_level,492.3919135748978,BAD
DT_0004,목포,2026-07-02 06:38:21.803428,tide_level,284.00802681746757,OK
DT_0003,인천,2026-07-02 06:38:21.803428,tide_level,569.0784396790148,OK
DT_0002,제주,2026-07-02 06:38:21.803428,tide_level,650.3091556281589,OK
DT_0001,후포,2026-07-02 06:38:21.803428,tide_level,606.304388170961,OK
DT_0007,보령,2026-07-02 06:28:21.803428,tide_level,400.8987550035475,OK
DT_0006,가덕도,2026-07-02 06:28:21.803428,tide_level,490.59965278408606,OK
DT_0005,영흥도,2026-07-02 06:28:21.803428,tide_level,425.99361796164044,OK
DT_0004,목포,2026-07-02 06:28:21.803428,tide_level,274.608723686129,OK
DT_0003,인천,2026-07-02 06:28:21.803428,tide_level,565.7422158895038,OK
DT_0002,제주,2026-07-02 06:28:21.803428,tide_level,637.1050717356374,OK
DT_0001,후포,2026-07-02 06:28:21.803428,tide_level,600.4794453751517,OK
DT_0007,보령,2026-07-02 06:18:21.803428,tide_level,399.9287852242867,OK
DT_0006,가덕도,2026-07-02 06:18:21.803428,tide_level,477.93999477140346,OK
DT_0005,영흥도,2026-07-02 06:18:21.803428,tide_level,416.13048487518125,OK
DT_0004,목포,2026-07-02 06:18:21.803428,tide_level,262.83861979175003,OK
DT_0003,인천,2026-07-02 06:18:21.803428,tide_level,558.4826038001073,OK
DT_0002,제주,2026-07-02 06:18:21.803428,tide_level,630.9950382257284,OK
DT_0001,후포,2026-07-02 06:18:21.803428,tide_level,593.9579314462383,OK
DT_0007,보령,2026-07-02 06:08:21.803428,tide_level,384.83554994003157,OK
DT_0006,가덕도,2026-07-02 06:08:21.803428,tide_level,476.39619971791814,OK
DT_0005,영흥도,2026-07-02 06:08:21.803428,tide_level,411.3817931788658,OK
DT_0004,목포,2026-07-02 06:08:21.803428,tide_level,253.03775127462998,OK
DT_0003,인천,2026-07-02 06:08:21.803428,tide_level,540.7115470769343,OK
DT_0002,제주,2026-07-02 06:08:21.803428,tide_level,758.653625995651,BAD
DT_0001,후포,2026-07-02 06:08:21.803428,tide_level,-999.0,BAD
DT_0007,보령,2026-07-02 05:58:21.803428,tide_level,376.25672159115396,OK
DT_0006,가덕도,2026-07-02 05:58:21.803428,tide_level,461.19229455687145,OK
DT_0005,영흥도,2026-07-02 05:58:21.803428,tide_level,397.2332608302101,OK
DT_0004,목포,2026-07-02 05:58:21.803428,tide_level,249.67377026971474,OK
DT_0003,인천,2026-07-02 05:58:21.803428,tide_level,539.8336897722837,OK
DT_0002,제주,2026-07-02 05:58:21.803428,tide_level,611.5691424970023,OK
DT_0001,후포,2026-07-02 05:58:21.803428,tide_level,571.7220062721162,OK
DT_0007,보령,2026-07-02 05:48:21.803428,tide_level,365.17780734285424,OK
DT_0006,가덕도,2026-07-02 05:48:21.803428,tide_level,449.42348485882866,OK
DT_0005,영흥도,2026-07-02 05:48:21.803428,tide_level,393.73159476430783,OK
DT_0004,목포,2026-07-02 05:48:21.803428,tide_level,233.3202162178664,OK
DT_0003,인천,2026-07-02 05:48:21.803428,tide_level,528.1632736901092,OK
DT_0002,제주,2026-07-02 05:48:21.803428,tide_level,603.0553829333153,OK
DT_0001,후포,2026-07-02 05:48:21.803428,tide_level,564.8646164134271,OK
DT_0007,보령,2026-07-02 05:38:21.803428,tide_level,354.831965760023,OK
DT_0006,가덕도,2026-07-02 05:38:21.803428,tide_level,441.6471699351331,OK
DT_0005,영흥도,2026-07-02 05:38:21.803428,tide_level,375.9136749948832,OK
DT_0004,목포,2026-07-02 05:38:21.803428,tide_level,228.61693527061558,OK
DT_0003,인천,2026-07-02 05:38:21.803428,tide_level,518.8392861396275,OK
DT_0002,제주,2026-07-02 05:38:21.803428,tide_level,595.5587161412603,OK
DT_0001,후포,2026-07-02 05:38:21.803428,tide_level,556.4309475894922,OK
DT_0007,보령,2026-07-02 05:28:21.803428,tide_level,351.11775592115754,OK
DT_0006,가덕도,2026-07-02 05:28:21.803428,tide_level,430.0733955741477,OK
DT_0005,영흥도,2026-07-02 05:28:21.803428,tide_level,374.1153463907746,OK
DT_0004,목포,2026-07-02 05:28:21.803428,tide_level,212.47165536421016,OK
DT_0003,인천,2026-07-02 05:28:21.803428,tide_level,504.45536322927074,OK
DT_0002,제주,2026-07-02 05:28:21.803428,tide_level,582.5765757691166,OK
DT_0001,후포,2026-07-02 05:28:21.803428,tide_level,548.9355635368669,OK
DT_0007,보령,2026-07-02 05:18:21.803428,tide_level,342.94504266186397,OK
DT_0006,가덕도,2026-07-02 05:18:21.803428,tide_level,419.07077199378404,OK
DT_0005,영흥도,2026-07-02 05:18:21.803428,tide_level,356.3401732706296,OK
DT_0004,목포,2026-07-02 05:18:21.803428,tide_level,209.63104923331704,OK
DT_0003,인천,2026-07-02 05:18:21.803428,tide_level,496.02414237642967,OK
DT_0002,제주,2026-07-02 05:18:21.803428,tide_level,578.0344650638201,OK
DT_0001,후포,2026-07-02 05:18:21.803428,tide_level,538.2038531763224,OK
DT_0007,보령,2026-07-02 05:08:21.803428,tide_level,325.9310478439158,OK
DT_0006,가덕도,2026-07-02 05:08:21.803428,tide_level,416.42177299421235,OK
DT_0005,영흥도,2026-07-02 05:08:21.803428,tide_level,352.90498982771186,OK
DT_0004,목포,2026-07-02 05:08:21.803428,tide_level,195.12200483372283,OK
DT_0003,인천,2026-07-02 05:08:21.803428,tide_level,483.34704595388143,OK
DT_0002,제주,2026-07-02 05:08:21.803428,tide_level,567.5398398405904,OK
DT_0001,후포,2026-07-02 05:08:21.803428,tide_level,528.3892533887332,OK
DT_0007,보령,2026-07-02 04:58:21.803428,tide_level,318.3129830801504,OK
DT_0006,가덕도,2026-07-02 04:58:21.803428,tide_level,404.54355892346837,OK
DT_0005,영흥도,2026-07-02 04:58:21.803428,tide_level,426.55564421344775,BAD
DT_0004,목포,2026-07-02 04:58:21.803428,tide_level,191.0009822788864,OK
DT_0003,인천,2026-07-02 04:58:21.803428,tide_level,475.2110892524018,OK
DT_0002,제주,2026-07-02 04:58:21.803428,tide_level,553.1433798552165,OK
DT_0001,후포,2026-07-02 04:58:21.803428,tide_level,520.2182808957697,OK
DT_0007,보령,2026-07-02 04:48:21.803428,tide_level,305.8953644645837,OK
DT_0006,가덕도,2026-07-02 04:48:21.803428,tide_level,398.2042581427886,OK
DT_0005,영흥도,2026-07-02 04:48:21.803428,tide_level,337.05276384531425,OK
DT_0004,목포,2026-07-02 04:48:21.803428,tide_level,177.10589730560127,OK
DT_0003,인천,2026-07-02 04:48:21.803428,tide_level,462.3707167149845,OK
DT_0002,제주,2026-07-02 04:48:21.803428,tide_level,542.7644116058464,OK
DT_0001,후포,2026-07-02 04:48:21.803428,tide_level,504.48629162745016,OK
DT_0007,보령,2026-07-02 04:38:21.803428,tide_level,298.80785034169264,OK
DT_0006,가덕도,2026-07-02 04:38:21.803428,tide_level,381.65197704067054,OK
DT_0005,영흥도,2026-07-02 04:38:21.803428,tide_level,325.2967858008338,OK
DT_0004,목포,2026-07-02 04:38:21.803428,tide_level,173.46442456357866,OK
DT_0003,인천,2026-07-02 04:38:21.803428,tide_level,459.6337142503565,OK
DT_0002,제주,2026-07-02 04:38:21.803428,tide_level,539.5547058465559,OK
DT_0001,후포,2026-07-02 04:38:21.803428,tide_level,502.56314471180207,OK
DT_0007,보령,2026-07-02 04:28:21.803428,tide_level,291.1901745690879,OK
DT_0006,가덕도,2026-07-02 04:28:21.803428,tide_level,374.83453342524285,OK
DT_0005,영흥도,2026-07-02 04:28:21.803428,tide_level,316.650963200273,OK
DT_0004,목포,2026-07-02 04:28:21.803428,tide_level,157.03078588398915,OK
DT_0003,인천,2026-07-02 04:28:21.803428,tide_level,450.14827586252426,OK
DT_0002,제주,2026-07-02 04:28:21.803428,tide_level,528.5223722729752,OK
DT_0001,후포,2026-07-02 04:28:21.803428,tide_level,493.52200154948565,OK
DT_0007,보령,2026-07-02 04:18:21.803428,tide_level,281.98709869851467,OK
DT_0006,가덕도,2026-07-02 04:18:21.803428,tide_level,494.48445324087845,BAD
DT_0005,영흥도,2026-07-02 04:18:21.803428,tide_level,311.8514277622013,OK
DT_0004,목포,2026-07-02 04:18:21.803428,tide_level,151.61984384098645,OK
DT_0003,인천,2026-07-02 04:18:21.803428,tide_level,439.26721105082737,OK
DT_0002,제주,2026-07-02 04:18:21.803428,tide_level,517.9790298136155,OK
DT_0001,후포,2026-07-02 04:18:21.803428,tide_level,479.9897274801654,OK
DT_0007,보령,2026-07-02 04:08:21.803428,tide_level,276.035443549125,OK
DT_0006,가덕도,2026-07-02 04:08:21.803428,tide_level,364.76829631878564,OK
DT_0005,영흥도,2026-07-02 04:08:21.803428,tide_level,-999.0,BAD
DT_0004,목포,2026-07-02 04:08:21.803428,tide_level,145.0976471221387,OK
DT_0003,인천,2026-07-02 04:08:21.803428,tide_level,436.1628614707674,OK
DT_0002,제주,2026-07-02 04:08:21.803428,tide_level,513.5038520855147,OK
DT_0001,후포,2026-07-02 04:08:21.803428,tide_level,473.17515599568657,OK
DT_0007,보령,2026-07-02 03:58:21.803428,tide_level,268.6138741043085,OK
DT_0006,가덕도,2026-07-02 03:58:21.803428,tide_level,354.038491749274,OK
DT_0005,영흥도,2026-07-02 03:58:21.803428,tide_level,293.7643405466576,OK
DT_0004,목포,2026-07-02 03:58:21.803428,tide_level,217.3663568916353,BAD
DT_0003,인천,2026-07-02 03:58:21.803428,tide_level,428.01906323358827,OK
DT_0002,제주,2026-07-02 03:58:21.803428,tide_level,508.37657616203524,OK
DT_0001,후포,2026-07-02 03:58:21.803428,tide_level,471.3401868436825,OK
DT_0007,보령,2026-07-02 03:48:21.803428,tide_level,268.21444095730504,OK
DT_0006,가덕도,2026-07-02 03:48:21.803428,tide_level,350.6644963841707,OK
DT_0005,영흥도,2026-07-02 03:48:21.803428,tide_level,292.52406524601764,OK
DT_0004,목포,2026-07-02 03:48:21.803428,tide_level,139.5812941092372,OK
DT_0003,인천,2026-07-02 03:48:21.803428,tide_level,422.28288039722713,OK
DT_0002,제주,2026-07-02 03:48:21.803428,tide_level,504.8242431308562,OK
DT_0001,후포,2026-07-02 03:48:21.803428,tide_level,458.90009748490394,OK
DT_0007,보령,2026-07-02 03:38:21.803428,tide_level,263.10553634015656,OK
DT_0006,가덕도,2026-07-02 03:38:21.803428,tide_level,352.31353539069016,OK
DT_0005,영흥도,2026-07-02 03:38:21.803428,tide_level,288.2023438953707,OK
DT_0004,목포,2026-07-02 03:38:21.803428,tide_level,235.77351709512044,BAD
DT_0003,인천,2026-07-02 03:38:21.803428,tide_level,422.7102466732419,OK
DT_0002,제주,2026-07-02 03:38:21.803428,tide_level,501.32395877680403,OK
DT_0001,후포,2026-07-02 03:38:21.803428,tide_level,463.71290430877787,OK
DT_0007,보령,2026-07-02 03:28:21.803428,tide_level,257.55826948762035,OK
DT_0006,가덕도,2026-07-02 03:28:21.803428,tide_level,343.96027125323866,OK
DT_0005,영흥도,2026-07-02 03:28:21.803428,tide_level,283.05144269756676,OK
DT_0004,목포,2026-07-02 03:28:21.803428,tide_level,128.96428430298238,OK
DT_0003,인천,2026-07-02 03:28:21.803428,tide_level,414.58457345944845,OK
DT_0002,제주,2026-07-02 03:28:21.803428,tide_level,498.65241971821627,OK
DT_0001,후포,2026-07-02 03:28:21.803428,tide_level,459.504824199171,OK
DT_0007,보령,2026-07-02 03:18:21.803428,tide_level,254.08931801966315,OK
DT_0006,가덕도,2026-07-02 03:18:21.803428,tide_level,343.50131884963616,OK
DT_0005,영흥도,2026-07-02 03:18:21.803428,tide_level,283.24976199885043,OK
DT_0004,목포,2026-07-02 03:18:21.803428,tide_level,121.62731074967694,OK
DT_0003,인천,2026-07-02 03:18:21.803428,tide_level,409.1456378332409,OK
DT_0002,제주,2026-07-02 03:18:21.803428,tide_level,490.8847716032491,OK
DT_0001,후포,2026-07-02 03:18:21.803428,tide_level,455.1609989761744,OK
DT_0007,보령,2026-07-02 03:08:21.803428,tide_level,250.85953197028465,OK
DT_0006,가덕도,2026-07-02 03:08:21.803428,tide_level,339.20832810471427,OK
DT_0005,영흥도,2026-07-02 03:08:21.803428,tide_level,385.73147098018956,BAD
DT_0004,목포,2026-07-02 03:08:21.803428,tide_level,122.89773757814105,OK
DT_0003,인천,2026-07-02 03:08:21.803428,tide_level,409.0034295400647,OK
DT_0002,제주,2026-07-02 03:08:21.803428,tide_level,492.01399953099445,OK
DT_0001,후포,2026-07-02 03:08:21.803428,tide_level,449.6645025264292,OK
DT_0007,보령,2026-07-02 02:58:21.803428,tide_level,252.61933704501433,OK
DT_0006,가덕도,2026-07-02 02:58:21.803428,tide_level,343.18812228381506,OK
DT_0005,영흥도,2026-07-02 02:58:21.803428,tide_level,274.8082436205732,OK
DT_0004,목포,2026-07-02 02:58:21.803428,tide_level,125.30173761392282,OK
DT_0003,인천,2026-07-02 02:58:21.803428,tide_level,413.6653192266598,OK
DT_0002,제주,2026-07-02 02:58:21.803428,tide_level,486.7228532578447,OK
DT_0001,후포,2026-07-02 02:58:21.803428,tide_level,447.86487432252125,OK
DT_0007,보령,2026-07-02 02:48:21.803428,tide_level,255.98788356419493,OK
DT_0006,가덕도,2026-07-02 02:48:21.803428,tide_level,340.0083047229343,OK
DT_0005,영흥도,2026-07-02 02:48:21.803428,tide_level,278.4458537165667,OK
DT_0004,목포,2026-07-02 02:48:21.803428,tide_level,119.54889135157346,OK
DT_0003,인천,2026-07-02 02:48:21.803428,tide_level,-999.0,BAD
DT_0002,제주,2026-07-02 02:48:21.803428,tide_level,485.80042331800064,OK
DT_0001,후포,2026-07-02 02:48:21.803428,tide_level,453.6141200343105,OK
DT_0007,보령,2026-07-02 02:38:21.803428,tide_level,257.1865030557348,OK
DT_0006,가덕도,2026-07-02 02:38:21.803428,tide_level,342.67607543712444,OK
DT_0005,영흥도,2026-07-02 02:38:21.803428,tide_level,276.98608519634985,OK
DT_0004,목포,2026-07-02 02:38:21.803428,tide_level,121.90390240443924,OK
DT_0003,인천,2026-07-02 02:38:21.803428,tide_level,416.58021535771684,OK
DT_0002,제주,2026-07-02 02:38:21.803428,tide_level,489.0242172207405,OK
DT_0001,후포,2026-07-02 02:38:21.803428,tide_level,455.6334801301625,OK
DT_0007,보령,2026-07-02 02:28:21.803428,tide_level,257.91064039871924,OK
DT_0006,가덕도,2026-07-02 02:28:21.803428,tide_level,488.9732114450955,BAD
DT_0005,영흥도,2026-07-02 02:28:21.803428,tide_level,282.7215690608567,OK
DT_0004,목포,2026-07-02 02:28:21.803428,tide_level,122.37925257577562,OK
DT_0003,인천,2026-07-02 02:28:21.803428,tide_level,413.03749847099715,OK
DT_0002,제주,2026-07-02 02:28:21.803428,tide_level,583.5183237691193,BAD
DT_0001,후포,2026-07-02 02:28:21.803428,tide_level,459.76853708955343,OK
DT_0007,보령,2026-07-02 02:18:21.803428,tide_level,265.42552543319755,OK
DT_0006,가덕도,2026-07-02 02:18:21.803428,tide_level,349.7875315132446,OK
DT_0005,영흥도,2026-07-02 02:18:21.803428,tide_level,-999.0,BAD
DT_0004,목포,2026-07-02 02:18:21.803428,tide_level,130.18465636271057,OK
DT_0003,인천,2026-07-02 02:18:21.803428,tide_level,416.26843024708705,OK
DT_0002,제주,2026-07-02 02:18:21.803428,tide_level,496.8936501023496,OK
DT_0001,후포,2026-07-02 02:18:21.803428,tide_level,453.33551756815683,OK
DT_0007,보령,2026-07-02 02:08:21.803428,tide_level,268.48430888434297,OK
DT_0006,가덕도,2026-07-02 02:08:21.803428,tide_level,346.4433349695564,OK
DT_0005,영흥도,2026-07-02 02:08:21.803428,tide_level,285.9467424337024,OK
DT_0004,목포,2026-07-02 02:08:21.803428,tide_level,136.57221304215858,OK
DT_0003,인천,2026-07-02 02:08:21.803428,tide_level,426.6119469886093,OK
DT_0002,제주,2026-07-02 02:08:21.803428,tide_level,498.81068495164476,OK
DT_0001,후포,2026-07-02 02:08:21.803428,tide_level,563.1831895512698,BAD
DT_0007,보령,2026-07-02 01:58:21.803428,tide_level,268.38704741120137,OK
DT_0006,가덕도,2026-07-02 01:58:21.803428,tide_level,357.22733692144413,OK
DT_0005,영흥도,2026-07-02 01:58:21.803428,tide_level,295.43957645172185,OK
DT_0004,목포,2026-07-02 01:58:21.803428,tide_level,138.51115540458957,OK
DT_0003,인천,2026-07-02 01:58:21.803428,tide_level,423.7264103888596,OK
DT_0002,제주,2026-07-02 01:58:21.803428,tide_level,598.3470080597036,BAD
DT_0001,후포,2026-07-02 01:58:21.803428,tide_level,467.89881799957806,OK
DT_0007,보령,2026-07-02 01:48:21.803428,tide_level,273.6559598817962,OK
DT_0006,가덕도,2026-07-02 01:48:21.803428,tide_level,359.6630001329671,OK
DT_0005,영흥도,2026-07-02 01:48:21.803428,tide_level,301.4568190619808,OK
DT_0004,목포,2026-07-02 01:48:21.803428,tide_level,143.90369607741553,OK
DT_0003,인천,2026-07-02 01:48:21.803428,tide_level,433.26414109184435,OK
DT_0002,제주,2026-07-02 01:48:21.803428,tide_level,509.2229909203663,OK
DT_0001,후포,2026-07-02 01:48:21.803428,tide_level,470.87236684297187,OK
DT_0007,보령,2026-07-02 01:38:21.803428,tide_level,283.30230570834476,OK
DT_0006,가덕도,2026-07-02 01:38:21.803428,tide_level,370.7808623458192,OK
DT_0005,영흥도,2026-07-02 01:38:21.803428,tide_level,302.95630135238144,OK
DT_0004,목포,2026-07-02 01:38:21.803428,tide_level,153.4068542952276,OK
DT_0003,인천,2026-07-02 01:38:21.803428,tide_level,444.4006654199602,OK
DT_0002,제주,2026-07-02 01:38:21.803428,tide_level,514.7026301669283,OK
DT_0001,후포,2026-07-02 01:38:21.803428,tide_level,481.4277295306063,OK
DT_0007,보령,2026-07-02 01:28:21.803428,tide_level,296.09480322934286,OK
DT_0006,가덕도,2026-07-02 01:28:21.803428,tide_level,377.00552151879026,OK
DT_0005,영흥도,2026-07-02 01:28:21.803428,tide_level,312.93551613429725,OK
DT_0004,목포,2026-07-02 01:28:21.803428,tide_level,157.43342325625733,OK
DT_0003,인천,2026-07-02 01:28:21.803428,tide_level,449.4862534241101,OK
DT_0002,제주,2026-07-02 01:28:21.803428,tide_level,531.1448469391001,OK
DT_0001,후포,2026-07-02 01:28:21.803428,tide_level,488.7406586129519,OK
DT_0007,보령,2026-07-02 01:18:21.803428,tide_level,303.7837500640558,OK
DT_0006,가덕도,2026-07-02 01:18:21.803428,tide_level,388.8614715902635,OK
DT_0005,영흥도,2026-07-02 01:18:21.803428,tide_level,318.3218034409336,OK
DT_0004,목포,2026-07-02 01:18:21.803428,tide_level,167.62711410915657,OK
DT_0003,인천,2026-07-02 01:18:21.803428,tide_level,459.8239262818289,OK
DT_0002,제주,2026-07-02 01:18:21.803428,tide_level,534.1247234229947,OK
DT_0001,후포,2026-07-02 01:18:21.803428,tide_level,495.54101800047425,OK
DT_0007,보령,2026-07-02 01:08:21.803428,tide_level,308.93340814978706,OK
DT_0006,가덕도,2026-07-02 01:08:21.803428,tide_level,394.9907666633053,OK
DT_0005,영흥도,2026-07-02 01:08:21.803428,tide_level,326.9455611510204,OK
DT_0004,목포,2026-07-02 01:08:21.803428,tide_level,174.7282080347706,OK
DT_0003,인천,2026-07-02 01:08:21.803428,tide_level,-999.0,BAD
DT_0002,제주,2026-07-02 01:08:21.803428,tide_level,543.2578030040231,OK
DT_0001,후포,2026-07-02 01:08:21.803428,tide_level,503.85482379998365,OK
DT_0007,보령,2026-07-02 00:58:21.803428,tide_level,315.4542531700105,OK
DT_0006,가덕도,2026-07-02 00:58:21.803428,tide_level,401.0069271422536,OK
DT_0005,영흥도,2026-07-02 00:58:21.803428,tide_level,337.0434986555006,OK
DT_0004,목포,2026-07-02 00:58:21.803428,tide_level,187.18426801415546,OK
DT_0003,인천,2026-07-02 00:58:21.803428,tide_level,477.45987916593424,OK
DT_0002,제주,2026-07-02 00:58:21.803428,tide_level,550.4022772698919,OK
DT_0001,후포,2026-07-02 00:58:21.803428,tide_level,-999.0,BAD
DT_0007,보령,2026-07-02 00:48:21.803428,tide_level,323.2692959256709,OK
DT_0006,가덕도,2026-07-02 00:48:21.803428,tide_level,409.6830642817384,OK
DT_0005,영흥도,2026-07-02 00:48:21.803428,tide_level,353.4113324732418,OK
DT_0004,목포,2026-07-02 00:48:21.803428,tide_level,196.8450091862518,OK
DT_0003,인천,2026-07-02 00:48:21.803428,tide_level,483.4025869837489,OK
DT_0002,제주,2026-07-02 00:48:21.803428,tide_level,559.3779119574557,OK
DT_0001,후포,2026-07-02 00:48:21.803428,tide_level,525.2138681484366,OK
DT_0007,보령,2026-07-02 00:38:21.803428,tide_level,340.0728189362527,OK
DT_0006,가덕도,2026-07-02 00:38:21.803428,tide_level,425.82667211360933,OK
DT_0005,영흥도,2026-07-02 00:38:21.803428,tide_level,359.6059222265143,OK
DT_0004,목포,2026-07-02 00:38:21.803428,tide_level,201.87122560447446,OK
DT_0003,인천,2026-07-02 00:38:21.803428,tide_level,489.0315735676087,OK
DT_0002,제주,2026-07-02 00:38:21.803428,tide_level,569.4414561745267,OK
DT_0001,후포,2026-07-02 00:38:21.803428,tide_level,533.2909858147926,OK
DT_0007,보령,2026-07-02 00:28:21.803428,tide_level,343.71471308288034,OK
DT_0006,가덕도,2026-07-02 00:28:21.803428,tide_level,425.95189301513426,OK
DT_0005,영흥도,2026-07-02 00:28:21.803428,tide_level,371.8658240463842,OK
DT_0004,목포,2026-07-02 00:28:21.803428,tide_level,214.13312865849628,OK
DT_0003,인천,2026-07-02 00:28:21.803428,tide_level,503.17842605170205,OK
DT_0002,제주,2026-07-02 00:28:21.803428,tide_level,578.0866002663057,OK
DT_0001,후포,2026-07-02 00:28:21.803428,tide_level,543.3274469091516,OK
DT_0007,보령,2026-07-02 00:18:21.803428,tide_level,351.8579435149724,OK
DT_0006,가덕도,2026-07-02 00:18:21.803428,tide_level,440.0296760951334,OK
DT_0005,영흥도,2026-07-02 00:18:21.803428,tide_level,377.09916067382596,OK
DT_0004,목포,2026-07-02 00:18:21.803428,tide_level,-999.0,BAD
DT_0003,인천,2026-07-02 00:18:21.803428,tide_level,512.577013045923,OK
DT_0002,제주,2026-07-02 00:18:21.803428,tide_level,594.4936772349929,OK
DT_0001,후포,2026-07-02 00:18:21.803428,tide_level,553.502798839097,OK
DT_0007,보령,2026-07-02 00:08:21.803428,tide_level,363.37487923010116,OK
DT_0006,가덕도,2026-07-02 00:08:21.803428,tide_level,447.99088952230693,OK
DT_0005,영흥도,2026-07-02 00:08:21.803428,tide_level,393.19438900039125,OK
DT_0004,목포,2026-07-02 00:08:21.803428,tide_level,230.2140829399428,OK
DT_0003,인천,2026-07-02 00:08:21.803428,tide_level,663.3932596011482,BAD
DT_0002,제주,2026-07-02 00:08:21.803428,tide_level,596.5995387303658,OK
DT_0001,후포,2026-07-02 00:08:21.803428,tide_level,559.6572344898697,OK
DT_0007,보령,2026-07-01 23:58:21.803428,tide_level,376.119507861304,OK
DT_0006,가덕도,2026-07-01 23:58:21.803428,tide_level,457.75317932394285,OK
DT_0005,영흥도,2026-07-01 23:58:21.803428,tide_level,397.74674741615297,OK
DT_0004,목포,2026-07-01 23:58:21.803428,tide_level,246.78321248251578,OK
DT_0003,인천,2026-07-01 23:58:21.803428,tide_level,529.638055294045,OK
DT_0002,제주,2026-07-01 23:58:21.803428,tide_level,613.4912686048691,OK
DT_0001,후포,2026-07-01 23:58:21.803428,tide_level,574.34943978391,OK
DT_0007,보령,2026-07-01 23:48:21.803428,tide_level,381.94209801050005,OK
DT_0006,가덕도,2026-07-01 23:48:21.803428,tide_level,584.9720695828611,BAD
DT_0005,영흥도,2026-07-01 23:48:21.803428,tide_level,403.3048253928524,OK
DT_0004,목포,2026-07-01 23:48:21.803428,tide_level,257.359547701122,OK
DT_0003,인천,2026-07-01 23:48:21.803428,tide_level,546.6290738218516,OK
DT_0002,제주,2026-07-01 23:48:21.803428,tide_level,622.048891422549,OK
DT_0001,후포,2026-07-01 23:48:21.803428,tide_level,585.2095817447241,OK
DT_0007,보령,2026-07-01 23:38:21.803428,tide_level,391.99656112231037,OK
DT_0006,가덕도,2026-07-01 23:38:21.803428,tide_level,481.57840086150685,OK
DT_0005,영흥도,2026-07-01 23:38:21.803428,tide_level,412.72730263901036,OK
DT_0004,목포,2026-07-01 23:38:21.803428,tide_level,258.51094135813133,OK
DT_0003,인천,2026-07-01 23:38:21.803428,tide_level,548.7614472321535,OK
DT_0002,제주,2026-07-01 23:38:21.803428,tide_level,625.4479740700352,OK
DT_0001,후포,2026-07-01 23:38:21.803428,tide_level,591.5715672697577,OK
DT_0007,보령,2026-07-01 23:28:21.803428,tide_level,403.28420038422234,OK
DT_0006,가덕도,2026-07-01 23:28:21.803428,tide_level,-999.0,BAD
DT_0005,영흥도,2026-07-01 23:28:21.803428,tide_level,425.42896589124405,OK
DT_0004,목포,2026-07-01 23:28:21.803428,tide_level,269.2879339434413,OK
DT_0003,인천,2026-07-01 23:28:21.803428,tide_level,555.6325218136312,OK
DT_0002,제주,2026-07-01 23:28:21.803428,tide_level,641.7245840435719,OK
DT_0001,후포,2026-07-01 23:28:21.803428,tide_level,595.5452325917173,OK
DT_0007,보령,2026-07-01 23:18:21.803428,tide_level,410.9449228502037,OK
DT_0006,가덕도,2026-07-01 23:18:21.803428,tide_level,496.2699413219651,OK
DT_0005,영흥도,2026-07-01 23:18:21.803428,tide_level,431.1399975651476,OK
DT_0004,목포,2026-07-01 23:18:21.803428,tide_level,283.94136483550557,OK
DT_0003,인천,2026-07-01 23:18:21.803428,tide_level,565.539069786654,OK
DT_0002,제주,2026-07-01 23:18:21.803428,tide_level,650.0499052570578,OK
DT_0001,후포,2026-07-01 23:18:21.803428,tide_level,605.5671897557121,OK
DT_0007,보령,2026-07-01 23:08:21.803428,tide_level,424.50979344756905,OK
DT_0006,가덕도,2026-07-01 23:08:21.803428,tide_level,506.69694546714476,OK
DT_0005,영흥도,2026-07-01 23:08:21.803428,tide_level,568.2042620001137,BAD
DT_0004,목포,2026-07-01 23:08:21.803428,tide_level,286.90149455268227,OK
DT_0003,인천,2026-07-01 23:08:21.803428,tide_level,572.9317856030198,OK
DT_0002,제주,2026-07-01 23:08:21.803428,tide_level,650.8514282608693,OK
DT_0001,후포,2026-07-01 23:08:21.803428,tide_level,613.9841398400924,OK
DT_0007,보령,2026-07-01 22:58:21.803428,tide_level,426.0323668605763,OK
DT_0006,가덕도,2026-07-01 22:58:21.803428,tide_level,516.2521010694728,OK
DT_0005,영흥도,2026-07-01 22:58:21.803428,tide_level,449.67208493048264,OK
DT_0004,목포,2026-07-01 22:58:21.803428,tide_level,292.08408046699583,OK
DT_0003,인천,2026-07-01 22:58:21.803428,tide_level,584.1507263054493,OK
DT_0002,제주,2026-07-01 22:58:21.803428,tide_level,663.1628720403013,OK
DT_0001,후포,2026-07-01 22:58:21.803428,tide_level,621.6326523087303,OK
DT_0007,보령,2026-07-01 22:48:21.803428,tide_level,434.1797307430287,OK
DT_0006,가덕도,2026-07-01 22:48:21.803428,tide_level,522.8502866119992,OK
DT_0005,영흥도,2026-07-01 22:48:21.803428,tide_level,452.4045607727371,OK
DT_0004,목포,2026-07-01 22:48:21.803428,tide_level,304.78965680249297,OK
DT_0003,인천,2026-07-01 22:48:21.803428,tide_level,590.9206552833508,OK
DT_0002,제주,2026-07-01 22:48:21.803428,tide_level,769.9406383471595,BAD
DT_0001,후포,2026-07-01 22:48:21.803428,tide_level,633.6664375138905,OK
DT_0007,보령,2026-07-01 22:38:21.803428,tide_level,443.53590522588684,OK
DT_0006,가덕도,2026-07-01 22:38:21.803428,tide_level,520.2431038288238,OK
DT_0005,영흥도,2026-07-01 22:38:21.803428,tide_level,464.97581138145983,OK
DT_0004,목포,2026-07-01 22:38:21.803428,tide_level,311.86847498182203,OK
DT_0003,인천,2026-07-01 22:38:21.803428,tide_level,599.3891595963155,OK
DT_0002,제주,2026-07-01 22:38:21.803428,tide_level,672.3201685813805,OK
DT_0001,후포,2026-07-01 22:38:21.803428,tide_level,632.5417853740349,OK
DT_0007,보령,2026-07-01 22:28:21.803428,tide_level,440.70296249613455,OK
DT_0006,가덕도,2026-07-01 22:28:21.803428,tide_level,525.7612647942547,OK
DT_0005,영흥도,2026-07-01 22:28:21.803428,tide_level,546.4748998026256,BAD
DT_0004,목포,2026-07-01 22:28:21.803428,tide_level,315.44832125694353,OK
DT_0003,인천,2026-07-01 22:28:21.803428,tide_level,597.1008595611595,OK
DT_0002,제주,2026-07-01 22:28:21.803428,tide_level,680.2665684584492,OK
DT_0001,후포,2026-07-01 22:28:21.803428,tide_level,641.5350334879606,OK
DT_0007,보령,2026-07-01 22:18:21.803428,tide_level,445.7195647136436,OK
DT_0006,가덕도,2026-07-01 22:18:21.803428,tide_level,531.3011792618087,OK
DT_0005,영흥도,2026-07-01 22:18:21.803428,tide_level,474.3979519654123,OK
DT_0004,목포,2026-07-01 22:18:21.803428,tide_level,313.634638816663,OK
DT_0003,인천,2026-07-01 22:18:21.803428,tide_level,608.003742745021,OK
DT_0002,제주,2026-07-01 22:18:21.803428,tide_level,687.395024336823,OK
DT_0001,후포,2026-07-01 22:18:21.803428,tide_level,647.287406751793,OK
DT_0007,보령,2026-07-01 22:08:21.803428,tide_level,453.665063811767,OK
DT_0006,가덕도,2026-07-01 22:08:21.803428,tide_level,537.1221022090291,OK
DT_0005,영흥도,2026-07-01 22:08:21.803428,tide_level,477.9265827765123,OK
DT_0004,목포,2026-07-01 22:08:21.803428,tide_level,321.0657523281328,OK
DT_0003,인천,2026-07-01 22:08:21.803428,tide_level,608.1813345459465,OK
DT_0002,제주,2026-07-01 22:08:21.803428,tide_level,690.0556174198299,OK
DT_0001,후포,2026-07-01 22:08:21.803428,tide_level,642.91267823483,OK
DT_0007,보령,2026-07-01 21:58:21.803428,tide_level,456.5463633626642,OK
DT_0006,가덕도,2026-07-01 21:58:21.803428,tide_level,535.8091647608579,OK
DT_0005,영흥도,2026-07-01 21:58:21.803428,tide_level,475.8998472372191,OK
DT_0004,목포,2026-07-01 21:58:21.803428,tide_level,321.361345431119,OK
DT_0003,인천,2026-07-01 21:58:21.803428,tide_level,606.5779970117076,OK
DT_0002,제주,2026-07-01 21:58:21.803428,tide_level,684.3988643370533,OK
DT_0001,후포,2026-07-01 21:58:21.803428,tide_level,646.6153850230125,OK
DT_0007,보령,2026-07-01 21:48:21.803428,tide_level,456.14839165701966,OK
DT_0006,가덕도,2026-07-01 21:48:21.803428,tide_level,541.0955783086857,OK
DT_0005,영흥도,2026-07-01 21:48:21.803428,tide_level,478.6063802065072,OK
DT_0004,목포,2026-07-01 21:48:21.803428,tide_level,319.3430366135569,OK
DT_0003,인천,2026-07-01 21:48:21.803428,tide_level,609.9960593753743,OK
DT_0002,제주,2026-07-01 21:48:21.803428,tide_level,686.6967092290292,OK
DT_0001,후포,2026-07-01 21:48:21.803428,tide_level,649.1061956792693,OK
DT_0007,보령,2026-07-01 21:38:21.803428,tide_level,452.0616782461367,OK
DT_0006,가덕도,2026-07-01 21:38:21.803428,tide_level,536.5176676338066,OK
DT_0005,영흥도,2026-07-01 21:38:21.803428,tide_level,473.15130529622667,OK
DT_0004,목포,2026-07-01 21:38:21.803428,tide_level,317.2888252388546,OK
DT_0003,인천,2026-07-01 21:38:21.803428,tide_level,607.9209214614788,OK
DT_0002,제주,2026-07-01 21:38:21.803428,tide_level,690.0740528455003,OK
DT_0001,후포,2026-07-01 21:38:21.803428,tide_level,652.0882995296686,OK
DT_0007,보령,2026-07-01 21:28:21.803428,tide_level,-999.0,BAD
DT_0006,가덕도,2026-07-01 21:28:21.803428,tide_level,540.3895064460543,OK
DT_0005,영흥도,2026-07-01 21:28:21.803428,tide_level,475.21446670867823,OK
DT_0004,목포,2026-07-01 21:28:21.803428,tide_level,319.3206324704084,OK
DT_0003,인천,2026-07-01 21:28:21.803428,tide_level,612.4647533244843,OK
DT_0002,제주,2026-07-01 21:28:21.803428,tide_level,691.1132391817744,OK
DT_0001,후포,2026-07-01 21:28:21.803428,tide_level,652.8961003087935,OK
DT_0007,보령,2026-07-01 21:18:21.803428,tide_level,453.007889779475,OK
DT_0006,가덕도,2026-07-01 21:18:21.803428,tide_level,539.6124455427833,OK
DT_0005,영흥도,2026-07-01 21:18:21.803428,tide_level,470.72040952540794,OK
DT_0004,목포,2026-07-01 21:18:21.803428,tide_level,314.76133976773525,OK
DT_0003,인천,2026-07-01 21:18:21.803428,tide_level,608.4994542182801,OK
DT_0002,제주,2026-07-01 21:18:21.803428,tide_level,688.5086258250881,OK
DT_0001,후포,2026-07-01 21:18:21.803428,tide_level,645.1257302845285,OK
DT_0007,보령,2026-07-01 21:08:21.803428,tide_level,446.7412009653801,OK
DT_0006,가덕도,2026-07-01 21:08:21.803428,tide_level,531.5239812805634,OK
DT_0005,영흥도,2026-07-01 21:08:21.803428,tide_level,471.1728724624613,OK
DT_0004,목포,2026-07-01 21:08:21.803428,tide_level,312.38856371533706,OK
DT_0003,인천,2026-07-01 21:08:21.803428,tide_level,609.3882754253005,OK
DT_0002,제주,2026-07-01 21:08:21.803428,tide_level,681.0620955372317,OK
DT_0001,후포,2026-07-01 21:08:21.803428,tide_level,648.636273241722,OK
DT_0007,보령,2026-07-01 20:58:21.803428,tide_level,444.960110590082,OK
DT_0006,가덕도,2026-07-01 20:58:21.803428,tide_level,528.4940198740893,OK
DT_0005,영흥도,2026-07-01 20:58:21.803428,tide_level,463.67739074983734,OK
DT_0004,목포,2026-07-01 20:58:21.803428,tide_level,311.6142840672986,OK
DT_0003,인천,2026-07-01 20:58:21.803428,tide_level,605.2567200828016,OK
DT_0002,제주,2026-07-01 20:58:21.803428,tide_level,681.2334808966689,OK
DT_0001,후포,2026-07-01 20:58:21.803428,tide_level,692.0341565950655,BAD
DT_0007,보령,2026-07-01 20:48:21.803428,tide_level,439.86595013400165,OK
DT_0006,가덕도,2026-07-01 20:48:21.803428,tide_level,520.107024996523,OK
DT_0005,영흥도,2026-07-01 20:48:21.803428,tide_level,461.15952896220637,OK
DT_0004,목포,2026-07-01 20:48:21.803428,tide_level,443.6599665363034,BAD
DT_0003,인천,2026-07-01 20:48:21.803428,tide_level,597.8325217938007,OK
DT_0002,제주,2026-07-01 20:48:21.803428,tide_level,671.219988457194,OK
DT_0001,후포,2026-07-01 20:48:21.803428,tide_level,773.2185680290814,BAD
DT_0007,보령,2026-07-01 20:38:21.803428,tide_level,430.49719973818617,OK
DT_0006,가덕도,2026-07-01 20:38:21.803428,tide_level,514.9071778933337,OK
DT_0005,영흥도,2026-07-01 20:38:21.803428,tide_level,461.10092883511703,OK
DT_0004,목포,2026-07-01 20:38:21.803428,tide_level,300.1483584700578,OK
DT_0003,인천,2026-07-01 20:38:21.803428,tide_level,590.5911242272595,OK
DT_0002,제주,2026-07-01 20:38:21.803428,tide_level,671.3200983389017,OK
DT_0001,후포,2026-07-01 20:38:21.803428,tide_level,629.5006450598148,OK
DT_0007,보령,2026-07-01 20:28:21.803428,tide_level,427.8029050898649,OK
DT_0006,가덕도,2026-07-01 20:28:21.803428,tide_level,511.86180672419096,OK
DT_0005,영흥도,2026-07-01 20:28:21.803428,tide_level,451.08991915030526,OK
DT_0004,목포,2026-07-01 20:28:21.803428,tide_level,294.80414885908505,OK
DT_0003,인천,2026-07-01 20:28:21.803428,tide_level,580.7962293974408,OK
DT_0002,제주,2026-07-01 20:28:21.803428,tide_level,662.0995791604412,OK
DT_0001,후포,2026-07-01 20:28:21.803428,tide_level,623.0989005454805,OK
DT_0007,보령,2026-07-01 20:18:21.803428,tide_level,424.2160903048059,OK
DT_0006,가덕도,2026-07-01 20:18:21.803428,tide_level,504.1576092772112,OK
DT_0005,영흥도,2026-07-01 20:18:21.803428,tide_level,446.2722388168557,OK
DT_0004,목포,2026-07-01 20:18:21.803428,tide_level,291.40087253062575,OK
DT_0003,인천,2026-07-01 20:18:21.803428,tide_level,575.5656566426318,OK
DT_0002,제주,2026-07-01 20:18:21.803428,tide_level,660.0699267248012,OK
DT_0001,후포,2026-07-01 20:18:21.803428,tide_level,620.1269205411825,OK
DT_0007,보령,2026-07-01 20:08:21.803428,tide_level,412.97374041755353,OK
DT_0006,가덕도,2026-07-01 20:08:21.803428,tide_level,563.9472829023433,BAD
DT_0005,영흥도,2026-07-01 20:08:21.803428,tide_level,433.71355739709634,OK
DT_0004,목포,2026-07-01 20:08:21.803428,tide_level,282.21252637781595,OK
DT_0003,인천,2026-07-01 20:08:21.803428,tide_level,565.2048644658217,OK
DT_0002,제주,2026-07-01 20:08:21.803428,tide_level,645.3084132630427,OK
DT_0001,후포,2026-07-01 20:08:21.803428,tide_level,608.0511612019513,OK
DT_0007,보령,2026-07-01 19:58:21.803428,tide_level,407.1019185370042,OK
DT_0006,가덕도,2026-07-01 19:58:21.803428,tide_level,492.87919192967826,OK
DT_0005,영흥도,2026-07-01 19:58:21.803428,tide_level,430.9386312306918,OK
DT_0004,목포,2026-07-01 19:58:21.803428,tide_level,269.34783669418556,OK
DT_0003,인천,2026-07-01 19:58:21.803428,tide_level,561.2886613443015,OK
DT_0002,제주,2026-07-01 19:58:21.803428,tide_level,636.4634482475441,OK
DT_0001,후포,2026-07-01 19:58:21.803428,tide_level,605.4234881492067,OK
DT_0007,보령,2026-07-01 19:48:21.803428,tide_level,396.40068776586213,OK
DT_0006,가덕도,2026-07-01 19:48:21.803428,tide_level,484.1617596619699,OK
DT_0005,영흥도,2026-07-01 19:48:21.803428,tide_level,416.73002797187064,OK
DT_0004,목포,2026-07-01 19:48:21.803428,tide_level,263.44991987731055,OK
DT_0003,인천,2026-07-01 19:48:21.803428,tide_level,557.0886588182248,OK
DT_0002,제주,2026-07-01 19:48:21.803428,tide_level,627.8461296944271,OK
DT_0001,후포,2026-07-01 19:48:21.803428,tide_level,590.1493930900357,OK
DT_0007,보령,2026-07-01 19:38:21.803428,tide_level,385.5082745801191,OK
DT_0006,가덕도,2026-07-01 19:38:21.803428,tide_level,468.10765394510196,OK
DT_0005,영흥도,2026-07-01 19:38:21.803428,tide_level,413.5321486769442,OK
DT_0004,목포,2026-07-01 19:38:21.803428,tide_level,258.3294488320287,OK
DT_0003,인천,2026-07-01 19:38:21.803428,tide_level,547.4988031255832,OK
DT_0002,제주,2026-07-01 19:38:21.803428,tide_level,694.1337220426881,BAD
DT_0001,후포,2026-07-01 19:38:21.803428,tide_level,587.4367436661075,OK
DT_0007,보령,2026-07-01 19:28:21.803428,tide_level,377.92333989057676,OK
DT_0006,가덕도,2026-07-01 19:28:21.803428,tide_level,527.2175050941138,BAD
DT_0005,영흥도,2026-07-01 19:28:21.803428,tide_level,398.7449024826759,OK
DT_0004,목포,2026-07-01 19:28:21.803428,tide_level,246.11294501654174,OK
DT_0003,인천,2026-07-01 19:28:21.803428,tide_level,534.5594245406928,OK
DT_0002,제주,2026-07-01 19:28:21.803428,tide_level,613.7735119589096,OK
DT_0001,후포,2026-07-01 19:28:21.803428,tide_level,568.7582546722078,OK
DT_0007,보령,2026-07-01 19:18:21.803428,tide_level,485.87779937390934,BAD
DT_0006,가덕도,2026-07-01 19:18:21.803428,tide_level,447.48560849315965,OK
DT_0005,영흥도,2026-07-01 19:18:21.803428,tide_level,392.2881010757392,OK
DT_0004,목포,2026-07-01 19:18:21.803428,tide_level,229.66879909372616,OK
DT_0003,인천,2026-07-01 19:18:21.803428,tide_level,522.5274266262948,OK
DT_0002,제주,2026-07-01 19:18:21.803428,tide_level,606.7423026059768,OK
DT_0001,후포,2026-07-01 19:18:21.803428,tide_level,560.7612035054076,OK
DT_0007,보령,2026-07-01 19:08:21.803428,tide_level,-999.0,BAD
DT_0006,가덕도,2026-07-01 19:08:21.803428,tide_level,436.82094658326696,OK
DT_0005,영흥도,2026-07-01 19:08:21.803428,tide_level,378.41344336514,OK
DT_0004,목포,2026-07-01 19:08:21.803428,tide_level,220.47387021101616,OK
DT_0003,인천,2026-07-01 19:08:21.803428,tide_level,511.55804322100613,OK
DT_0002,제주,2026-07-01 19:08:21.803428,tide_level,591.3973249211363,OK
DT_0001,후포,2026-07-01 19:08:21.803428,tide_level,554.7314650100429,OK
DT_0007,보령,2026-07-01 18:58:21.803428,tide_level,349.6392917591017,OK
DT_0006,가덕도,2026-07-01 18:58:21.803428,tide_level,430.9460724612682,OK
DT_0005,영흥도,2026-07-01 18:58:21.803428,tide_level,369.29315998827803,OK
DT_0004,목포,2026-07-01 18:58:21.803428,tide_level,216.74142997389714,OK
DT_0003,인천,2026-07-01 18:58:21.803428,tide_level,500.02726784580665,OK
DT_0002,제주,2026-07-01 18:58:21.803428,tide_level,582.1931543712566,OK
DT_0001,후포,2026-07-01 18:58:21.803428,tide_level,545.7315460053933,OK
DT_0007,보령,2026-07-01 18:48:21.803428,tide_level,336.55514696585107,OK
DT_0006,가덕도,2026-07-01 18:48:21.803428,tide_level,417.8453388414528,OK
DT_0005,영흥도,2026-07-01 18:48:21.803428,tide_level,359.84606154609725,OK
DT_0004,목포,2026-07-01 18:48:21.803428,tide_level,206.50570054676157,OK
DT_0003,인천,2026-07-01 18:48:21.803428,tide_level,498.1153442517029,OK
DT_0002,제주,2026-07-01 18:48:21.803428,tide_level,570.3423599987423,OK
DT_0001,후포,2026-07-01 18:48:21.803428,tide_level,535.6852671926592,OK
DT_0007,보령,2026-07-01 18:38:21.803428,tide_level,331.5442209869665,OK
DT_0006,가덕도,2026-07-01 18:38:21.803428,tide_level,407.84880520809554,OK
DT_0005,영흥도,2026-07-01 18:38:21.803428,tide_level,352.0107303839567,OK
DT_0004,목포,2026-07-01 18:38:21.803428,tide_level,191.12642538731217,OK
DT_0003,인천,2026-07-01 18:38:21.803428,tide_level,486.50650248551614,OK
DT_0002,제주,2026-07-01 18:38:21.803428,tide_level,565.3204368952953,OK
DT_0001,후포,2026-07-01 18:38:21.803428,tide_level,520.7068594810107,OK
DT_0007,보령,2026-07-01 18:28:21.803428,tide_level,314.92213830382497,OK
DT_0006,가덕도,2026-07-01 18:28:21.803428,tide_level,405.35522962309295,OK
DT_0005,영흥도,2026-07-01 18:28:21.803428,tide_level,342.75483074201554,OK
DT_0004,목포,2026-07-01 18:28:21.803428,tide_level,181.1146342860696,OK
DT_0003,인천,2026-07-01 18:28:21.803428,tide_level,469.65126802137024,OK
DT_0002,제주,2026-07-01 18:28:21.803428,tide_level,549.0483877547127,OK
DT_0001,후포,2026-07-01 18:28:21.803428,tide_level,518.3390762381624,OK
DT_0007,보령,2026-07-01 18:18:21.803428,tide_level,306.93702986261144,OK
DT_0006,가덕도,2026-07-01 18:18:21.803428,tide_level,394.06299571059304,OK
DT_0005,영흥도,2026-07-01 18:18:21.803428,tide_level,333.70572479440784,OK
DT_0004,목포,2026-07-01 18:18:21.803428,tide_level,172.02112265771842,OK
DT_0003,인천,2026-07-01 18:18:21.803428,tide_level,460.8870597419402,OK
DT_0002,제주,2026-07-01 18:18:21.803428,tide_level,546.9582618976349,OK
DT_0001,후포,2026-07-01 18:18:21.803428,tide_level,506.6838688642301,OK
DT_0007,보령,2026-07-01 18:08:21.803428,tide_level,296.61064525693916,OK
DT_0006,가덕도,2026-07-01 18:08:21.803428,tide_level,382.8369584876797,OK
DT_0005,영흥도,2026-07-01 18:08:21.803428,tide_level,326.7491262190491,OK
DT_0004,목포,2026-07-01 18:08:21.803428,tide_level,168.5973167350899,OK
DT_0003,인천,2026-07-01 18:08:21.803428,tide_level,541.9281033223444,BAD
DT_0002,제주,2026-07-01 18:08:21.803428,tide_level,533.9110175940833,OK
DT_0001,후포,2026-07-01 18:08:21.803428,tide_level,494.8599621129234,OK
DT_0007,보령,2026-07-01 17:58:21.803428,tide_level,287.6268514565037,OK
DT_0006,가덕도,2026-07-01 17:58:21.803428,tide_level,380.5504902610376,OK
DT_0005,영흥도,2026-07-01 17:58:21.803428,tide_level,314.96372821115233,OK
DT_0004,목포,2026-07-01 17:58:21.803428,tide_level,155.61903813593946,OK
DT_0003,인천,2026-07-01 17:58:21.803428,tide_level,452.0164629227783,OK
DT_0002,제주,2026-07-01 17:58:21.803428,tide_level,529.0435761778554,OK
DT_0001,후포,2026-07-01 17:58:21.803428,tide_level,569.3474430071715,BAD
DT_0007,보령,2026-07-01 17:48:21.803428,tide_level,280.42505665022065,OK
DT_0006,가덕도,2026-07-01 17:48:21.803428,tide_level,373.67021565584736,OK
DT_0005,영흥도,2026-07-01 17:48:21.803428,tide_level,304.19997642574896,OK
DT_0004,목포,2026-07-01 17:48:21.803428,tide_level,154.43514128210143,OK
DT_0003,인천,2026-07-01 17:48:21.803428,tide_level,445.7866896424838,OK
DT_0002,제주,2026-07-01 17:48:21.803428,tide_level,522.9818965497747,OK
DT_0001,후포,2026-07-01 17:48:21.803428,tide_level,485.7112942122185,OK
DT_0007,보령,2026-07-01 17:38:21.803428,tide_level,275.82798478215483,OK
DT_0006,가덕도,2026-07-01 17:38:21.803428,tide_level,357.60757388975486,OK
DT_0005,영흥도,2026-07-01 17:38:21.803428,tide_level,301.0642348490275,OK
DT_0004,목포,2026-07-01 17:38:21.803428,tide_level,147.3033858420171,OK
DT_0003,인천,2026-07-01 17:38:21.803428,tide_level,430.0911228833875,OK
DT_0002,제주,2026-07-01 17:38:21.803428,tide_level,515.7589464621651,OK
DT_0001,후포,2026-07-01 17:38:21.803428,tide_level,473.8086832968243,OK
DT_0007,보령,2026-07-01 17:28:21.803428,tide_level,271.34647428503047,OK
DT_0006,가덕도,2026-07-01 17:28:21.803428,tide_level,352.50935684965384,OK
DT_0005,영흥도,2026-07-01 17:28:21.803428,tide_level,289.09183335606957,OK
DT_0004,목포,2026-07-01 17:28:21.803428,tide_level,142.90980578999657,OK
DT_0003,인천,2026-07-01 17:28:21.803428,tide_level,424.95445087192843,OK
DT_0002,제주,2026-07-01 17:28:21.803428,tide_level,508.0257819919861,OK
DT_0001,후포,2026-07-01 17:28:21.803428,tide_level,463.62773321532546,OK
DT_0007,보령,2026-07-01 17:18:21.803428,tide_level,270.87162787426706,OK
DT_0006,가덕도,2026-07-01 17:18:21.803428,tide_level,353.6494422529671,OK
DT_0005,영흥도,2026-07-01 17:18:21.803428,tide_level,292.8041954221915,OK
DT_0004,목포,2026-07-01 17:18:21.803428,tide_level,188.2267124430902,BAD
DT_0003,인천,2026-07-01 17:18:21.803428,tide_level,427.10989502213306,OK
DT_0002,제주,2026-07-01 17:18:21.803428,tide_level,504.1583641366267,OK
DT_0001,후포,2026-07-01 17:18:21.803428,tide_level,463.66586908589085,OK
DT_0007,보령,2026-07-01 17:08:21.803428,tide_level,258.0241769378309,OK
DT_0006,가덕도,2026-07-01 17:08:21.803428,tide_level,351.01205257730703,OK
DT_0005,영흥도,2026-07-01 17:08:21.803428,tide_level,288.3419972630125,OK
DT_0004,목포,2026-07-01 17:08:21.803428,tide_level,126.08465238976132,OK
DT_0003,인천,2026-07-01 17:08:21.803428,tide_level,422.68974920763463,OK
DT_0002,제주,2026-07-01 17:08:21.803428,tide_level,494.335489443343,OK
DT_0001,후포,2026-07-01 17:08:21.803428,tide_level,456.2986811605452,OK
DT_0007,보령,2026-07-01 16:58:21.803428,tide_level,257.2947139871616,OK
DT_0006,가덕도,2026-07-01 16:58:21.803428,tide_level,343.71298238827416,OK
DT_0005,영흥도,2026-07-01 16:58:21.803428,tide_level,282.1524574803656,OK
DT_0004,목포,2026-07-01 16:58:21.803428,tide_level,126.91099375739984,OK
DT_0003,인천,2026-07-01 16:58:21.803428,tide_level,415.89943322269085,OK
DT_0002,제주,2026-07-01 16:58:21.803428,tide_level,498.3776613655452,OK
DT_0001,후포,2026-07-01 16:58:21.803428,tide_level,457.8001504282284,OK
DT_0007,보령,2026-07-01 16:48:21.803428,tide_level,255.08014504318783,OK
DT_0006,가덕도,2026-07-01 16:48:21.803428,tide_level,344.7618589650844,OK
DT_0005,영흥도,2026-07-01 16:48:21.803428,tide_level,275.16164941439393,OK
DT_0004,목포,2026-07-01 16:48:21.803428,tide_level,120.07772698703599,OK
DT_0003,인천,2026-07-01 16:48:21.803428,tide_level,417.68115893525356,OK
DT_0002,제주,2026-07-01 16:48:21.803428,tide_level,488.6301977529723,OK
DT_0001,후포,2026-07-01 16:48:21.803428,tide_level,448.065968871896,OK
DT_0007,보령,2026-07-01 16:38:21.803428,tide_level,252.0659443530812,OK
DT_0006,가덕도,2026-07-01 16:38:21.803428,tide_level,342.7959251044749,OK
DT_0005,영흥도,2026-07-01 16:38:21.803428,tide_level,273.07743102866243,OK
DT_0004,목포,2026-07-01 16:38:21.803428,tide_level,123.09189475865452,OK
DT_0003,인천,2026-07-01 16:38:21.803428,tide_level,410.3653505836808,OK
DT_0002,제주,2026-07-01 16:38:21.803428,tide_level,487.6010033067222,OK
DT_0001,후포,2026-07-01 16:38:21.803428,tide_level,454.8435420170701,OK
DT_0007,보령,2026-07-01 16:28:21.803428,tide_level,257.4293821240925,OK
DT_0006,가덕도,2026-07-01 16:28:21.803428,tide_level,342.2292588755429,OK
DT_0005,영흥도,2026-07-01 16:28:21.803428,tide_level,277.43048269354904,OK
DT_0004,목포,2026-07-01 16:28:21.803428,tide_level,126.70352407143554,OK
DT_0003,인천,2026-07-01 16:28:21.803428,tide_level,407.73858728716186,OK
DT_0002,제주,2026-07-01 16:28:21.803428,tide_level,490.9003825278513,OK
DT_0001,후포,2026-07-01 16:28:21.803428,tide_level,449.71122772079184,OK
DT_0007,보령,2026-07-01 16:18:21.803428,tide_level,257.42921204186297,OK
DT_0006,가덕도,2026-07-01 16:18:21.803428,tide_level,340.0436393732863,OK
DT_0005,영흥도,2026-07-01 16:18:21.803428,tide_level,276.1192045030182,OK
DT_0004,목포,2026-07-01 16:18:21.803428,tide_level,124.71897327381096,OK
DT_0003,인천,2026-07-01 16:18:21.803428,tide_level,414.5982437373938,OK
DT_0002,제주,2026-07-01 16:18:21.803428,tide_level,491.8759922937424,OK
DT_0001,후포,2026-07-01 16:18:21.803428,tide_level,450.8286985639063,OK
DT_0007,보령,2026-07-01 16:08:21.803428,tide_level,258.0937466861049,OK
DT_0006,가덕도,2026-07-01 16:08:21.803428,tide_level,344.25479385791573,OK
DT_0005,영흥도,2026-07-01 16:08:21.803428,tide_level,280.32896990007674,OK
DT_0004,목포,2026-07-01 16:08:21.803428,tide_level,121.11129474288495,OK
DT_0003,인천,2026-07-01 16:08:21.803428,tide_level,410.40277925596627,OK
DT_0002,제주,2026-07-01 16:08:21.803428,tide_level,496.4659115522113,OK
DT_0001,후포,2026-07-01 16:08:21.803428,tide_level,452.381109389646,OK
DT_0007,보령,2026-07-01 15:58:21.803428,tide_level,261.93256358070755,OK
DT_0006,가덕도,2026-07-01 15:58:21.803428,tide_level,341.0904578238405,OK
DT_0005,영흥도,2026-07-01 15:58:21.803428,tide_level,282.1956768374647,OK
DT_0004,목포,2026-07-01 15:58:21.803428,tide_level,236.09772797537323,BAD
DT_0003,인천,2026-07-01 15:58:21.803428,tide_level,411.41526091398083,OK
DT_0002,제주,2026-07-01 15:58:21.803428,tide_level,496.3639787235245,OK
DT_0001,후포,2026-07-01 15:58:21.803428,tide_level,451.8758661497634,OK
DT_0007,보령,2026-07-01 15:48:21.803428,tide_level,261.32591522783093,OK
DT_0006,가덕도,2026-07-01 15:48:21.803428,tide_level,347.9146209683024,OK
DT_0005,영흥도,2026-07-01 15:48:21.803428,tide_level,282.67532344485016,OK
DT_0004,목포,2026-07-01 15:48:21.803428,tide_level,131.5597602624123,OK
DT_0003,인천,2026-07-01 15:48:21.803428,tide_level,422.79519135911397,OK
DT_0002,제주,2026-07-01 15:48:21.803428,tide_level,498.6393373805304,OK
DT_0001,후포,2026-07-01 15:48:21.803428,tide_level,457.4851872748002,OK
DT_0007,보령,2026-07-01 15:38:21.803428,tide_level,265.1218165559749,OK
DT_0006,가덕도,2026-07-01 15:38:21.803428,tide_level,422.56432801971346,BAD
DT_0005,영흥도,2026-07-01 15:38:21.803428,tide_level,291.24785511853764,OK
DT_0004,목포,2026-07-01 15:38:21.803428,tide_level,137.28937329252477,OK
DT_0003,인천,2026-07-01 15:38:21.803428,tide_level,426.21152918274464,OK
DT_0002,제주,2026-07-01 15:38:21.803428,tide_level,505.89484865082113,OK
DT_0001,후포,2026-07-01 15:38:21.803428,tide_level,462.13730542742616,OK
DT_0007,보령,2026-07-01 15:28:21.803428,tide_level,272.037397113166,OK
DT_0006,가덕도,2026-07-01 15:28:21.803428,tide_level,356.2590135858547,OK
DT_0005,영흥도,2026-07-01 15:28:21.803428,tide_level,296.8323493110398,OK
DT_0004,목포,2026-07-01 15:28:21.803428,tide_level,134.8805262423973,OK
DT_0003,인천,2026-07-01 15:28:21.803428,tide_level,426.61097617314863,OK
DT_0002,제주,2026-07-01 15:28:21.803428,tide_level,507.6626957471309,OK
DT_0001,후포,2026-07-01 15:28:21.803428,tide_level,468.7996588389791,OK
DT_0007,보령,2026-07-01 15:18:21.803428,tide_level,275.51801800504643,OK
DT_0006,가덕도,2026-07-01 15:18:21.803428,tide_level,362.37767591849655,OK
DT_0005,영흥도,2026-07-01 15:18:21.803428,tide_level,302.2386840041575,OK
DT_0004,목포,2026-07-01 15:18:21.803428,tide_level,143.83030837974582,OK
DT_0003,인천,2026-07-01 15:18:21.803428,tide_level,437.87515576800183,OK
DT_0002,제주,2026-07-01 15:18:21.803428,tide_level,513.6801952224266,OK
DT_0001,후포,2026-07-01 15:18:21.803428,tide_level,471.464349913424,OK
DT_0007,보령,2026-07-01 15:08:21.803428,tide_level,286.09019852057645,OK
DT_0006,가덕도,2026-07-01 15:08:21.803428,tide_level,370.2872875316846,OK
DT_0005,영흥도,2026-07-01 15:08:21.803428,tide_level,307.39596180898985,OK
DT_0004,목포,2026-07-01 15:08:21.803428,tide_level,151.28987099965784,OK
DT_0003,인천,2026-07-01 15:08:21.803428,tide_level,567.5502400022935,BAD
DT_0002,제주,2026-07-01 15:08:21.803428,tide_level,525.1876654000143,OK
DT_0001,후포,2026-07-01 15:08:21.803428,tide_level,482.87680480865845,OK
DT_0007,보령,2026-07-01 14:58:21.803428,tide_level,293.3933138402332,OK
DT_0006,가덕도,2026-07-01 14:58:21.803428,tide_level,377.4132825139758,OK
DT_0005,영흥도,2026-07-01 14:58:21.803428,tide_level,313.55682416937833,OK
DT_0004,목포,2026-07-01 14:58:21.803428,tide_level,158.20389568204587,OK
DT_0003,인천,2026-07-01 14:58:21.803428,tide_level,452.23933524868335,OK
DT_0002,제주,2026-07-01 14:58:21.803428,tide_level,523.3795866497279,OK
DT_0001,후포,2026-07-01 14:58:21.803428,tide_level,487.9294058376366,OK
DT_0007,보령,2026-07-01 14:48:21.803428,tide_level,303.9778581868166,OK
DT_0006,가덕도,2026-07-01 14:48:21.803428,tide_level,535.0813103061909,BAD
DT_0005,영흥도,2026-07-01 14:48:21.803428,tide_level,326.31308665310337,OK
DT_0004,목포,2026-07-01 14:48:21.803428,tide_level,169.56979066749622,OK
DT_0003,인천,2026-07-01 14:48:21.803428,tide_level,455.23461505878834,OK
DT_0002,제주,2026-07-01 14:48:21.803428,tide_level,535.2505054702773,OK
DT_0001,후포,2026-07-01 14:48:21.803428,tide_level,494.24150485628445,OK
DT_0007,보령,2026-07-01 14:38:21.803428,tide_level,305.9907584841451,OK
DT_0006,가덕도,2026-07-01 14:38:21.803428,tide_level,397.1927320655424,OK
DT_0005,영흥도,2026-07-01 14:38:21.803428,tide_level,326.9353300501805,OK
DT_0004,목포,2026-07-01 14:38:21.803428,tide_level,176.4997194806231,OK
DT_0003,인천,2026-07-01 14:38:21.803428,tide_level,461.72594299284464,OK
DT_0002,제주,2026-07-01 14:38:21.803428,tide_level,544.5387288941156,OK
DT_0001,후포,2026-07-01 14:38:21.803428,tide_level,509.46944493104684,OK
DT_0007,보령,2026-07-01 14:28:21.803428,tide_level,320.55899877011325,OK
DT_0006,가덕도,2026-07-01 14:28:21.803428,tide_level,403.815880692307,OK
DT_0005,영흥도,2026-07-01 14:28:21.803428,tide_level,339.7898588734099,OK
DT_0004,목포,2026-07-01 14:28:21.803428,tide_level,185.16817989890646,OK
DT_0003,인천,2026-07-01 14:28:21.803428,tide_level,479.72785730705823,OK
DT_0002,제주,2026-07-01 14:28:21.803428,tide_level,553.5281974133452,OK
DT_0001,후포,2026-07-01 14:28:21.803428,tide_level,656.3993517694728,BAD
DT_0007,보령,2026-07-01 14:18:21.803428,tide_level,331.2075146666361,OK
DT_0006,가덕도,2026-07-01 14:18:21.803428,tide_level,416.61541972045006,OK
DT_0005,영흥도,2026-07-01 14:18:21.803428,tide_level,355.1813099466772,OK
DT_0004,목포,2026-07-01 14:18:21.803428,tide_level,193.70659689772745,OK
DT_0003,인천,2026-07-01 14:18:21.803428,tide_level,484.5157470946654,OK
DT_0002,제주,2026-07-01 14:18:21.803428,tide_level,564.4534213571395,OK
DT_0001,후포,2026-07-01 14:18:21.803428,tide_level,529.4185461499203,OK
DT_0007,보령,2026-07-01 14:08:21.803428,tide_level,336.5388371670206,OK
DT_0006,가덕도,2026-07-01 14:08:21.803428,tide_level,426.69864446358804,OK
DT_0005,영흥도,2026-07-01 14:08:21.803428,tide_level,360.701540107506,OK
DT_0004,목포,2026-07-01 14:08:21.803428,tide_level,200.5894963241623,OK
DT_0003,인천,2026-07-01 14:08:21.803428,tide_level,497.68415060138614,OK
DT_0002,제주,2026-07-01 14:08:21.803428,tide_level,570.7048270737683,OK
DT_0001,후포,2026-07-01 14:08:21.803428,tide_level,536.331498517444,OK
DT_0007,보령,2026-07-01 13:58:21.803428,tide_level,348.5707382513724,OK
DT_0006,가덕도,2026-07-01 13:58:21.803428,tide_level,430.27174177628535,OK
DT_0005,영흥도,2026-07-01 13:58:21.803428,tide_level,372.5859511080085,OK
DT_0004,목포,2026-07-01 13:58:21.803428,tide_level,214.49319055525913,OK
DT_0003,인천,2026-07-01 13:58:21.803428,tide_level,499.4471455068281,OK
DT_0002,제주,2026-07-01 13:58:21.803428,tide_level,586.2850022637376,OK
DT_0001,후포,2026-07-01 13:58:21.803428,tide_level,546.8768500485086,OK
DT_0007,보령,2026-07-01 13:48:21.803428,tide_level,358.914042149147,OK
DT_0006,가덕도,2026-07-01 13:48:21.803428,tide_level,439.2897755911355,OK
DT_0005,영흥도,2026-07-01 13:48:21.803428,tide_level,382.54667967756257,OK
DT_0004,목포,2026-07-01 13:48:21.803428,tide_level,223.31133863184982,OK
DT_0003,인천,2026-07-01 13:48:21.803428,tide_level,516.1772479747067,OK
DT_0002,제주,2026-07-01 13:48:21.803428,tide_level,593.4367851624805,OK
DT_0001,후포,2026-07-01 13:48:21.803428,tide_level,558.8262404403147,OK
DT_0007,보령,2026-07-01 13:38:21.803428,tide_level,368.28548991684085,OK
DT_0006,가덕도,2026-07-01 13:38:21.803428,tide_level,450.0925993239151,OK
DT_0005,영흥도,2026-07-01 13:38:21.803428,tide_level,389.6179015983751,OK
DT_0004,목포,2026-07-01 13:38:21.803428,tide_level,236.78333968690112,OK
DT_0003,인천,2026-07-01 13:38:21.803428,tide_level,519.9214515862125,OK
DT_0002,제주,2026-07-01 13:38:21.803428,tide_level,601.7187365674989,OK
DT_0001,후포,2026-07-01 13:38:21.803428,tide_level,560.4285788022045,OK
DT_0007,보령,2026-07-01 13:28:21.803428,tide_level,378.25972632293355,OK
DT_0006,가덕도,2026-07-01 13:28:21.803428,tide_level,466.71116756103856,OK
DT_0005,영흥도,2026-07-01 13:28:21.803428,tide_level,399.1992977234213,OK
DT_0004,목포,2026-07-01 13:28:21.803428,tide_level,247.79095665556605,OK
DT_0003,인천,2026-07-01 13:28:21.803428,tide_level,535.7950646945006,OK
DT_0002,제주,2026-07-01 13:28:21.803428,tide_level,613.2126066828765,OK
DT_0001,후포,2026-07-01 13:28:21.803428,tide_level,575.7929262032867,OK
DT_0007,보령,2026-07-01 13:18:21.803428,tide_level,386.57870182207745,OK
DT_0006,가덕도,2026-07-01 13:18:21.803428,tide_level,469.7681835232704,OK
DT_0005,영흥도,2026-07-01 13:18:21.803428,tide_level,407.1450725065018,OK
DT_0004,목포,2026-07-01 13:18:21.803428,tide_level,256.49925597848943,OK
DT_0003,인천,2026-07-01 13:18:21.803428,tide_level,547.001175055246,OK
DT_0002,제주,2026-07-01 13:18:21.803428,tide_level,625.1783672625542,OK
DT_0001,후포,2026-07-01 13:18:21.803428,tide_level,582.5209548730815,OK
DT_0007,보령,2026-07-01 13:08:21.803428,tide_level,400.3714254611876,OK
DT_0006,가덕도,2026-07-01 13:08:21.803428,tide_level,477.62795893738763,OK
DT_0005,영흥도,2026-07-01 13:08:21.803428,tide_level,418.3950512171164,OK
DT_0004,목포,2026-07-01 13:08:21.803428,tide_level,264.0304564621952,OK
DT_0003,인천,2026-07-01 13:08:21.803428,tide_level,688.4530357080909,BAD
DT_0002,제주,2026-07-01 13:08:21.803428,tide_level,636.2148640531359,OK
DT_0001,후포,2026-07-01 13:08:21.803428,tide_level,597.4790702750278,OK
DT_0007,보령,2026-07-01 12:58:21.803428,tide_level,465.86567009151497,BAD
DT_0006,가덕도,2026-07-01 12:58:21.803428,tide_level,490.55490074127584,OK
DT_0005,영흥도,2026-07-01 12:58:21.803428,tide_level,424.3104817186776,OK
DT_0004,목포,2026-07-01 12:58:21.803428,tide_level,275.78238085551425,OK
DT_0003,인천,2026-07-01 12:58:21.803428,tide_level,557.7955479869452,OK
DT_0002,제주,2026-07-01 12:58:21.803428,tide_level,644.234953921527,OK
DT_0001,후포,2026-07-01 12:58:21.803428,tide_level,-999.0,BAD
DT_0007,보령,2026-07-01 12:48:21.803428,tide_level,417.96453461489665,OK
DT_0006,가덕도,2026-07-01 12:48:21.803428,tide_level,493.5810698211921,OK
DT_0005,영흥도,2026-07-01 12:48:21.803428,tide_level,430.87356711553633,OK
DT_0004,목포,2026-07-01 12:48:21.803428,tide_level,280.1442469137869,OK
DT_0003,인천,2026-07-01 12:48:21.803428,tide_level,572.0181096862591,OK
DT_0002,제주,2026-07-01 12:48:21.803428,tide_level,644.0648848942615,OK
DT_0001,후포,2026-07-01 12:48:21.803428,tide_level,701.6837600888475,BAD
DT_0007,보령,2026-07-01 12:38:21.803428,tide_level,417.9843374327425,OK
DT_0006,가덕도,2026-07-01 12:38:21.803428,tide_level,503.8009280762009,OK
DT_0005,영흥도,2026-07-01 12:38:21.803428,tide_level,446.89733833171715,OK
DT_0004,목포,2026-07-01 12:38:21.803428,tide_level,286.0116708121532,OK
DT_0003,인천,2026-07-01 12:38:21.803428,tide_level,581.9990040262903,OK
DT_0002,제주,2026-07-01 12:38:21.803428,tide_level,657.4651410823785,OK
DT_0001,후포,2026-07-01 12:38:21.803428,tide_level,618.9923102220889,OK
DT_0007,보령,2026-07-01 12:28:21.803428,tide_level,428.65874448918265,OK
DT_0006,가덕도,2026-07-01 12:28:21.803428,tide_level,508.4953935181239,OK
DT_0005,영흥도,2026-07-01 12:28:21.803428,tide_level,452.2670110994967,OK
DT_0004,목포,2026-07-01 12:28:21.803428,tide_level,294.4660257428383,OK
DT_0003,인천,2026-07-01 12:28:21.803428,tide_level,581.3897606863451,OK
DT_0002,제주,2026-07-01 12:28:21.803428,tide_level,668.668686939251,OK
DT_0001,후포,2026-07-01 12:28:21.803428,tide_level,626.3457334741272,OK
DT_0007,보령,2026-07-01 12:18:21.803428,tide_level,530.5086710242313,BAD
DT_0006,가덕도,2026-07-01 12:18:21.803428,tide_level,514.6763567303789,OK
DT_0005,영흥도,2026-07-01 12:18:21.803428,tide_level,457.829152804953,OK
DT_0004,목포,2026-07-01 12:18:21.803428,tide_level,305.1652638841279,OK
DT_0003,인천,2026-07-01 12:18:21.803428,tide_level,592.6869103625849,OK
DT_0002,제주,2026-07-01 12:18:21.803428,tide_level,671.4567266961849,OK
DT_0001,후포,2026-07-01 12:18:21.803428,tide_level,632.0423647456096,OK
DT_0007,보령,2026-07-01 12:08:21.803428,tide_level,439.71890904526896,OK
DT_0006,가덕도,2026-07-01 12:08:21.803428,tide_level,527.8335854157652,OK
DT_0005,영흥도,2026-07-01 12:08:21.803428,tide_level,465.35235052122033,OK
DT_0004,목포,2026-07-01 12:08:21.803428,tide_level,304.4493786849664,OK
DT_0003,인천,2026-07-01 12:08:21.803428,tide_level,600.8512126200928,OK
DT_0002,제주,2026-07-01 12:08:21.803428,tide_level,677.4663583256287,OK
DT_0001,후포,2026-07-01 12:08:21.803428,tide_level,633.6233947461697,OK
DT_0007,보령,2026-07-01 11:58:21.803428,tide_level,439.9708251057164,OK
DT_0006,가덕도,2026-07-01 11:58:21.803428,tide_level,530.2918594913648,OK
DT_0005,영흥도,2026-07-01 11:58:21.803428,tide_level,467.8686216928002,OK
DT_0004,목포,2026-07-01 11:58:21.803428,tide_level,316.56611173474766,OK
DT_0003,인천,2026-07-01 11:58:21.803428,tide_level,602.6992104850843,OK
DT_0002,제주,2026-07-01 11:58:21.803428,tide_level,684.3089593053427,OK
DT_0001,후포,2026-07-01 11:58:21.803428,tide_level,645.7740938775329,OK
DT_0007,보령,2026-07-01 11:48:21.803428,tide_level,451.34144058416786,OK
DT_0006,가덕도,2026-07-01 11:48:21.803428,tide_level,531.6661678194041,OK
DT_0005,영흥도,2026-07-01 11:48:21.803428,tide_level,-999.0,BAD
DT_0004,목포,2026-07-01 11:48:21.803428,tide_level,313.89478137785596,OK
DT_0003,인천,2026-07-01 11:48:21.803428,tide_level,605.462790084066,OK
DT_0002,제주,2026-07-01 11:48:21.803428,tide_level,682.7191691361932,OK
DT_0001,후포,2026-07-01 11:48:21.803428,tide_level,734.3813555600681,BAD
DT_0007,보령,2026-07-01 11:38:21.803428,tide_level,451.45987463064216,OK
DT_0006,가덕도,2026-07-01 11:38:21.803428,tide_level,536.5222206310382,OK
DT_0005,영흥도,2026-07-01 11:38:21.803428,tide_level,475.93866387249534,OK
DT_0004,목포,2026-07-01 11:38:21.803428,tide_level,373.6962768396167,BAD
DT_0003,인천,2026-07-01 11:38:21.803428,tide_level,604.9351668981169,OK
DT_0002,제주,2026-07-01 11:38:21.803428,tide_level,690.2860195846198,OK
DT_0001,후포,2026-07-01 11:38:21.803428,tide_level,646.3328949494894,OK
DT_0007,보령,2026-07-01 11:28:21.803428,tide_level,451.2130277239115,OK
DT_0006,가덕도,2026-07-01 11:28:21.803428,tide_level,541.2685232111639,OK
DT_0005,영흥도,2026-07-01 11:28:21.803428,tide_level,479.73665272990206,OK
DT_0004,목포,2026-07-01 11:28:21.803428,tide_level,-999.0,BAD
DT_0003,인천,2026-07-01 11:28:21.803428,tide_level,614.4079102886748,OK
DT_0002,제주,2026-07-01 11:28:21.803428,tide_level,691.3476277241351,OK
DT_0001,후포,2026-07-01 11:28:21.803428,tide_level,654.8442809710567,OK
DT_0007,보령,2026-07-01 11:18:21.803428,tide_level,451.3243062741176,OK
DT_0006,가덕도,2026-07-01 11:18:21.803428,tide_level,538.5012401288732,OK
DT_0005,영흥도,2026-07-01 11:18:21.803428,tide_level,472.2663566465934,OK
DT_0004,목포,2026-07-01 11:18:21.803428,tide_level,318.47156374545614,OK
DT_0003,인천,2026-07-01 11:18:21.803428,tide_level,607.8145126662321,OK
DT_0002,제주,2026-07-01 11:18:21.803428,tide_level,694.1641145875584,OK
DT_0001,후포,2026-07-01 11:18:21.803428,tide_level,649.0250157816918,OK
DT_0007,보령,2026-07-01 11:08:21.803428,tide_level,458.1437590352392,OK
DT_0006,가덕도,2026-07-01 11:08:21.803428,tide_level,534.1617433955776,OK
DT_0005,영흥도,2026-07-01 11:08:21.803428,tide_level,475.1677007202661,OK
DT_0004,목포,2026-07-01 11:08:21.803428,tide_level,320.92868484807695,OK
DT_0003,인천,2026-07-01 11:08:21.803428,tide_level,610.2482516704231,OK
DT_0002,제주,2026-07-01 11:08:21.803428,tide_level,687.9245074598316,OK
DT_0001,후포,2026-07-01 11:08:21.803428,tide_level,650.2797927795978,OK
DT_0007,보령,2026-07-01 10:58:21.803428,tide_level,450.57969694602815,OK
DT_0006,가덕도,2026-07-01 10:58:21.803428,tide_level,542.143892342644,OK
DT_0005,영흥도,2026-07-01 10:58:21.803428,tide_level,472.93147163773693,OK
DT_0004,목포,2026-07-01 10:58:21.803428,tide_level,319.07650447718095,OK
DT_0003,인천,2026-07-01 10:58:21.803428,tide_level,613.4452590569863,OK
DT_0002,제주,2026-07-01 10:58:21.803428,tide_level,690.1278640112234,OK
DT_0001,후포,2026-07-01 10:58:21.803428,tide_level,646.7080042574155,OK
